employee_id,first_name,last_name,email,phone_number,hire_date,job_id,salary,commission_pct,manager_id,department_id
100,Sarah,Chen,SCHEN,+1-252-164-7271x29030,2024-05-24,IT_PROG,14255,0.15,113,57
101,Victor,Mcgee,VMCGEE,483.800.6054x628,2022-04-26,AD_VP,20947,0.33,140,50
102,Brittney,Mccormick,BMCCORMICK,+1-650-961-4031x81997,2015-09-12,FI_ACCOUNT,15367,0.04,105,63
103,Taylor,James,TJAMES,+1-435-354-9169x1441,2018-06-23,PU_CLERK,7340,0.13,139,30
104,James,Anderson,JANDERSON,+1-805-835-1860x91610,2022-05-08,FI_ACCOUNT,14392,0.24,108,59
105,James,Schmidt,JSCHMIDT,001-295-779-4959x17065,2016-09-10,AD_PRES,14951,0.06,141,52
106,Stephanie,Sharp,SSHARP,001-943-405-1762,2023-02-09,AD_PRES,21032,0.46,122,35
107,Elizabeth,Carter,ECARTER,864.061.3235x776,2016-06-06,FI_ACCOUNT,7372,0.05,118,32
108,Martin,Mckinney,MMCKINNEY,(063)395-8907x47671,2017-12-23,AD_PRES,8886,0.49,105,71
109,Jo,Brown,JBROWN,6808991138,2021-11-21,IT_PROG,21101,0.4,138,58
110,Lisa,Miles,LMILES,817-381-7615,2016-05-26,AD_VP,8469,0.07,148,44
111,Richard,White,RWHITE,001-041-390-3532x37791,2018-03-30,AD_PRES,13928,0.31,136,61
112,Kathleen,Becker,KBECKER,001-012-523-2724x7590,2024-04-19,AD_VP,15833,0.47,149,79
113,Elizabeth,Carney,ECARNEY,(461)056-2899x85919,2017-07-20,AD_PRES,24213,0.31,117,60
114,April,Hill,AHILL,001-377-291-1324x28131,2018-10-14,AD_VP,16076,0.49,147,62
115,Angela,Ayala,AAYALA,(014)136-3634,2020-07-12,PU_CLERK,17075,0.43,118,69
116,Kyle,Turner,KTURNER,832-080-9845,2024-05-09,IT_PROG,6348,0.27,111,70
117,Ann,Kelly,AKELLY,189-228-0230x5685,2022-09-10,IT_PROG,7966,0.13,132,67
118,Kimberly,Erickson,KERICKSON,469-429-9917x545,2020-02-23,PU_MAN,2958,0.14,107,38
119,Larry,Thompson,LTHOMPSON,839.881.7801x0335,2021-07-28,AD_PRES,18285,0.09,114,34
120,Mikayla,Barrett,MBARRETT,(514)782-1865,2015-07-25,AD_PRES,7037,0.21,109,36
121,Keith,Gonzalez,KGONZALEZ,(224)720-9866x881,2023-10-27,AD_VP,4543,0.42,114,68
122,Jessica,Horton,JHORTON,860-516-2978,2023-05-14,AD_PRES,18302,0.29,101,53
123,Bonnie,Smith,BSMITH,784-173-0328x183,2019-07-20,PU_CLERK,7395,0.5,140,43
124,Yvonne,Young,YYOUNG,(090)806-4013x9026,2019-11-16,FI_MGR,11294,0.13,106,70
125,Richard,Thomas,RTHOMAS,7323044814,2017-07-28,FI_MGR,9522,0.41,133,52
126,Amber,Good,AGOOD,216-845-7604x1057,2022-10-18,FI_MGR,4803,0.11,141,79
127,Kimberly,Phillips,KPHILLIPS,161-244-4637x77181,2018-02-17,AD_VP,11775,0.11,124,55
128,Maureen,Harrell,MHARRELL,+1-351-679-9493,2016-02-02,AD_PRES,6596,0.36,108,61
129,Ashley,Davis,ADAVIS,786.829.5491x0231,2017-04-17,AD_VP,9748,0.4,148,32
130,Adam,Calhoun,ACALHOUN,175.949.5795,2023-12-01,PU_MAN,24339,0.23,106,37
131,Daniel,Dean,DDEAN,899.847.2472x225,2017-03-31,PU_CLERK,22960,0.18,106,47
132,Anthony,Cooper,ACOOPER,001-530-347-7210x53593,2014-11-26,IT_PROG,12515,0.25,149,31
133,Marvin,Jones,MJONES,588.934.4581,2015-06-01,PU_CLERK,20644,0.37,123,69
134,William,Carroll,WCARROLL,+1-244-575-6177x7487,2016-11-24,IT_PROG,21828,0.23,117,77
135,Emma,Peterson,EPETERSON,001-784-716-1822x01614,2023-03-03,FI_MGR,6044,0.41,127,35
136,Laura,Cook,LCOOK,671.342.8191,2019-01-02,AD_VP,6901,0.48,106,68
137,Tyler,Thomas,TTHOMAS,649-609-3521x533,2017-07-22,AD_VP,24203,0.37,119,47
138,Ashley,Phillips,APHILLIPS,(249)501-0629x16991,2024-01-23,PU_MAN,6055,0.3,125,67
139,Morgan,Keith,MKEITH,001-775-487-0224x566,2022-08-08,PU_CLERK,15449,0.44,111,36
140,Robert,Sanchez,RSANCHEZ,363-773-1880x097,2015-01-11,IT_PROG,19624,0.15,125,35
141,Donna,Johnson,DJOHNSON,+1-209-341-4991x80823,2022-01-19,AD_VP,24522,0.3,115,60
142,Katherine,Gray,KGRAY,+1-771-275-8807,2020-01-29,FI_ACCOUNT,9869,0.05,114,45
143,Lorraine,Pierce,LPIERCE,235.740.3149,2015-09-22,FI_ACCOUNT,9437,0.43,146,55
144,Ashley,Hodges,AHODGES,+1-816-997-9432x50879,2023-09-03,FI_MGR,11097,0.36,117,65
145,Vincent,Johnson,VJOHNSON,243-525-7906,2022-11-06,FI_MGR,12996,0.26,120,70
146,Kimberly,Castillo,KCASTILLO,+1-062-653-5555x0166,2021-11-12,AD_VP,12298,0.21,119,68
147,Ashley,Hunt,AHUNT,210-328-9650x3707,2021-06-29,PU_CLERK,24034,0.19,135,48
148,Juan,Lewis,JLEWIS,205-929-4032x116,2021-04-21,FI_ACCOUNT,21944,0.41,125,46
149,Stephen,Mitchell,SMITCHELL,077-498-8498,2016-02-23,FI_ACCOUNT,12331,0.25,103,46
150,Sharon,Davis,SDAVIS,(617)921-8531x94232,2024-03-13,PU_MAN,18751,0.19,128,30
151,Brian,Adams,BADAMS,(603)501-5112x32037,2024-03-21,FI_ACCOUNT,14098,0.48,101,57
152,Robert,Taylor,RTAYLOR,860.779.8499x230,2017-03-20,PU_MAN,4933,0.14,107,32
153,Jared,Mann,JMANN,(431)295-0138x1029,2022-07-26,FI_MGR,4876,0.06,104,75
154,Tiffany,Chavez,TCHAVEZ,5479262949,2022-10-05,IT_PROG,13046,0.2,115,32
155,Julie,Dawson,JDAWSON,794.498.0823x5603,2019-01-16,PU_CLERK,3919,0.07,122,58
156,Terrence,Day,TDAY,116-568-8132,2016-08-23,FI_ACCOUNT,13304,0.44,118,73
157,Sarah,Williams,SWILLIAMS,(737)686-9745,2024-03-19,AD_VP,13007,0.12,127,35
158,Richard,Payne,RPAYNE,425-920-3925,2017-10-01,PU_MAN,18675,0.35,111,66
159,Vincent,Brown,VBROWN,674.645.3593x90144,2015-11-29,AD_VP,4638,0.24,142,42
160,Christine,Powell,CPOWELL,+1-472-902-5673x1011,2018-11-12,PU_CLERK,22860,0.08,101,49
161,Scott,Beard,SBEARD,3727793151,2024-03-18,AD_VP,18994,0.33,107,43
162,Peter,Arroyo,PARROYO,334-894-7071x4460,2022-12-04,PU_CLERK,5123,0.26,111,57
163,Sheila,Ramirez,SRAMIREZ,(121)172-1369,2024-07-28,PU_CLERK,2904,0.4,125,64
164,Kristine,Mora,KMORA,(827)471-6037x6022,2015-06-14,FI_MGR,9554,0.39,118,79
165,Michele,King,MKING,001-621-836-9064,2018-09-10,AD_PRES,3875,0.49,145,62
166,Danielle,Carroll,DCARROLL,+1-515-134-2859x197,2015-05-11,PU_MAN,17209,0.17,145,68
167,Jeffrey,Hernandez,JHERNANDEZ,063-496-4042,2016-09-22,FI_MGR,4176,0.31,130,56
168,Jessica,Hayden,JHAYDEN,881.333.6432x15211,2017-02-03,FI_ACCOUNT,19622,0.11,147,63
169,Erik,Jones,EJONES,001-195-886-2775x7097,2023-11-10,AD_PRES,10403,0.48,107,58
170,Lori,Schultz,LSCHULTZ,+1-199-768-1743x294,2016-06-01,FI_MGR,10024,0.47,135,75
171,Tyler,Bennett,TBENNETT,4968852085,2020-12-18,PU_CLERK,10571,0.05,116,60
172,Jennifer,Gonzalez,JGONZALEZ,1196401577,2021-09-13,AD_VP,24569,0.17,123,72
173,Angelica,Williams,AWILLIAMS,410-606-4565,2021-03-16,AD_PRES,7705,0.26,130,35
174,Erin,Reed,EREED,(523)030-9355,2018-08-06,PU_MAN,7451,0.39,145,40
175,Joshua,Ross,JROSS,(976)267-2758x53215,2017-08-20,AD_VP,24710,0.17,117,35
176,Sandra,Reid,SREID,786-929-6454,2015-01-13,AD_VP,3360,0.2,147,71
177,Luis,Shaw,LSHAW,(790)418-1923x75373,2019-06-20,IT_PROG,9232,0.25,142,30
178,Autumn,Rivera,ARIVERA,(196)114-6750,2018-01-23,FI_MGR,6236,0.23,136,37
179,Todd,Hernandez,THERNANDEZ,(437)574-7018,2018-02-27,AD_PRES,21566,0.41,135,35
180,Alicia,Hayden,AHAYDEN,+1-648-163-9950,2016-02-25,AD_PRES,6885,0.42,149,53
181,Susan,Kim,SKIM,138.884.6665x1747,2019-02-06,IT_PROG,6258,0.1,104,75
182,Timothy,Hill,THILL,+1-211-421-2337x77577,2023-12-30,AD_PRES,17452,0.02,111,62
183,Daniel,Hanson,DHANSON,6847943607,2019-02-22,FI_MGR,9979,0.48,142,72
184,Colleen,Escobar,CESCOBAR,(184)197-4908,2024-04-27,IT_PROG,6004,0.19,101,67
185,Dawn,Lee,DLEE,985.712.0229,2020-05-06,FI_ACCOUNT,11791,0.15,101,40
186,Jacqueline,Williams,JWILLIAMS,(492)372-8030x86791,2016-01-14,AD_PRES,13905,0.12,117,65
187,Katherine,Harvey,KHARVEY,(264)526-0849x1345,2015-09-16,AD_PRES,19001,0.04,104,66
188,Teresa,Wilson,TWILSON,642-154-6236,2017-01-08,PU_CLERK,22214,0.33,148,59
189,Glenda,Brown,GBROWN,(970)716-0586x06569,2021-06-12,FI_MGR,8575,0.39,147,47
190,Hannah,Yang,HYANG,242-644-2067x7340,2019-06-15,FI_ACCOUNT,12172,0.33,127,74
191,Debbie,Allen,DALLEN,(664)831-1292,2022-11-19,PU_MAN,24693,0.41,131,57
192,Cassie,Wong,CWONG,+1-541-431-7391x004,2019-03-16,FI_MGR,13788,0.45,116,72
193,Alex,Swanson,ASWANSON,752-424-5732x8986,2023-08-05,FI_MGR,21761,0.26,126,72
194,Ryan,Lowery,RLOWERY,(473)188-5187x212,2017-08-29,IT_PROG,21442,0.06,143,54
195,Amanda,Carson,ACARSON,+1-741-315-9083x01002,2017-09-08,PU_CLERK,3557,0.33,149,42
196,Earl,Harrell,EHARRELL,(554)793-6467,2022-08-20,AD_PRES,14686,0.26,117,68
197,Chris,Henry,CHENRY,126.162.7592x4568,2020-10-08,FI_ACCOUNT,5700,0.16,120,68
198,Samuel,Jenkins,SJENKINS,344.979.6507x89172,2019-11-12,AD_PRES,23684,0.18,107,66
199,Lance,Munoz,LMUNOZ,626.067.6132x429,2022-12-13,FI_ACCOUNT,20678,0.13,147,45
200,Blake,Fuller,BFULLER,(044)445-8462x5449,2020-02-07,AD_VP,20605,0.29,110,48
201,Joshua,Cohen,JCOHEN,334.524.8661,2015-02-28,FI_MGR,5474,0.46,119,61
202,Dale,Woods,DWOODS,600-605-9853x0182,2017-03-11,FI_MGR,18158,0.14,109,77
203,Alicia,Kidd,AKIDD,001-342-906-8412x480,2016-05-17,IT_PROG,24932,0.31,149,31
204,James,Gay,JGAY,304-102-6151x616,2016-04-29,AD_VP,19512,0.3,140,79
205,Richard,Dunlap,RDUNLAP,(704)521-4752x32620,2021-12-14,FI_ACCOUNT,16123,0.29,147,51
206,Samantha,Anderson,SANDERSON,(477)699-3735x085,2015-04-01,AD_VP,21242,0.42,112,39
207,Brittany,Rodriguez,BRODRIGUEZ,159-124-4205x0340,2018-10-22,FI_MGR,24302,0.43,105,33
208,Bianca,Rios,BRIOS,170-654-4522x704,2015-07-16,AD_PRES,13885,0.42,127,67
209,Tonya,Miller,TMILLER,4886848422,2024-07-14,PU_CLERK,11597,0.09,149,76
210,Michael,Adams,MADAMS,001-860-199-1624x158,2019-04-20,IT_PROG,16208,0.19,143,64
211,Richard,Mendoza,RMENDOZA,(151)048-4860x34244,2020-05-28,FI_MGR,21576,0.38,144,66
212,Jeremy,Baker,JBAKER,393.547.2589,2017-12-11,IT_PROG,24554,0.23,106,43
213,Amy,Gray,AGRAY,(295)551-7891x47350,2015-04-01,IT_PROG,6814,0.35,147,36
214,Abigail,Lopez,ALOPEZ,900-534-1616x43383,2022-08-12,PU_MAN,23322,0.12,132,54
215,Robert,Underwood,RUNDERWOOD,125.036.9003x00451,2019-10-18,AD_VP,15185,0.13,146,74
216,Stephen,Dennis,SDENNIS,001-748-641-9025,2018-12-01,AD_PRES,18487,0.09,141,60
217,Andres,Jones,AJONES,8227875599,2020-03-18,AD_PRES,17399,0.16,121,55
218,Eric,Ward,EWARD,001-389-778-4804x639,2016-06-27,AD_PRES,14145,0.2,126,32
219,Karen,Reyes,KREYES,(949)998-2974x7726,2021-11-09,FI_ACCOUNT,14840,0.45,100,61
220,Matthew,Fleming,MFLEMING,3379789011,2023-12-14,FI_MGR,5161,0.11,106,63
221,John,Roberts,JROBERTS,844-808-4622,2020-10-19,AD_PRES,16765,0.22,129,50
222,Donna,Padilla,DPADILLA,001-542-071-0384x858,2015-06-27,AD_PRES,11610,0.49,113,72
223,Dana,Flores,DFLORES,001-921-576-8515x200,2017-11-12,AD_PRES,8830,0.1,101,43
224,Donna,Patterson,DPATTERSON,001-524-577-5562x3327,2024-01-07,AD_PRES,22196,0.0,119,50
225,Jared,Sutton,JSUTTON,273-052-2173x40610,2022-09-08,PU_MAN,19757,0.36,117,65
226,John,Johnson,JJOHNSON,(727)654-5053,2022-01-27,PU_CLERK,24511,0.14,102,34
227,Teresa,Mckinney,TMCKINNEY,(574)723-9633x384,2023-05-19,AD_VP,2955,0.1,118,64
228,Hector,Perez,HPEREZ,(364)094-1256x4324,2022-03-29,AD_VP,16180,0.11,103,37
229,Crystal,Moore,CMOORE,319-574-7028x95725,2018-07-12,AD_VP,12310,0.4,109,78
230,Stephanie,Williams,SWILLIAMS,811-385-0281x3355,2021-06-15,IT_PROG,7813,0.01,115,76
231,Stephanie,Ruiz,SRUIZ,279-949-1283x19508,2022-01-17,FI_MGR,16407,0.07,118,42
232,Ashley,Levine,ALEVINE,+1-490-081-9626,2024-05-31,PU_MAN,17995,0.12,133,53
233,Ryan,Baldwin,RBALDWIN,(631)612-1062,2020-11-11,IT_PROG,9506,0.4,119,62
234,David,Patel,DPATEL,(653)764-0808x26970,2021-10-25,FI_ACCOUNT,12937,0.21,101,47
235,Rebecca,Brown,RBROWN,+1-230-876-5971x18249,2019-05-19,FI_ACCOUNT,22438,0.15,145,60
236,April,Beard,ABEARD,927.079.5080,2019-05-24,AD_PRES,5263,0.23,130,61
237,Richard,Krause,RKRAUSE,385.817.1587x86848,2023-01-15,PU_MAN,6782,0.45,134,44
238,Andrea,Hutchinson,AHUTCHINSON,538-553-6528x63453,2017-01-29,PU_CLERK,19054,0.49,129,59
239,Bryce,Conway,BCONWAY,7882094435,2017-03-21,PU_CLERK,19342,0.16,138,67
240,Rebecca,Williams,RWILLIAMS,094.144.0998,2021-04-17,FI_ACCOUNT,9452,0.17,114,70
241,Calvin,Green,CGREEN,001-990-907-1277x939,2016-07-31,PU_CLERK,5632,0.05,107,43
242,Monique,Hoffman,MHOFFMAN,+1-380-661-9012x1159,2020-09-20,FI_ACCOUNT,20645,0.21,102,58
243,Benjamin,Baker,BBAKER,7670928870,2016-01-03,PU_MAN,12962,0.27,127,38
244,Duane,Ross,DROSS,965-845-5803x8803,2015-04-21,AD_PRES,9968,0.26,135,47
245,Zachary,Harris,ZHARRIS,001-796-906-9770x21929,2017-08-04,PU_CLERK,18754,0.31,113,40
246,Elizabeth,Villarreal,EVILLARREAL,001-038-659-3665,2021-12-09,PU_MAN,2741,0.31,112,66
247,David,Johnson,DJOHNSON,382.808.2785x5220,2017-02-04,PU_CLERK,17712,0.1,108,41
248,Francisco,Floyd,FFLOYD,001-803-078-4421x19311,2019-12-21,PU_MAN,15668,0.14,147,34
249,Peter,Garcia,PGARCIA,431.358.5337x107,2017-06-24,FI_ACCOUNT,9680,0.17,132,41
250,Devin,Ayala,DAYALA,001-093-234-5581x5050,2015-07-01,AD_PRES,9719,0.1,114,35
251,Carmen,Rodriguez,CRODRIGUEZ,(038)839-2068,2022-07-04,FI_ACCOUNT,20864,0.48,137,53
252,Kayla,Olson,KOLSON,664.125.1942x50997,2022-09-11,PU_MAN,21352,0.48,111,48
253,William,Walters,WWALTERS,(710)071-1984x719,2019-04-03,FI_ACCOUNT,15579,0.48,130,54
254,Brandon,Booker,BBOOKER,+1-795-502-8355x172,2017-05-04,PU_MAN,8137,0.01,147,64
255,Carrie,Clark,CCLARK,+1-228-193-9712x794,2016-04-18,AD_PRES,4307,0.36,116,71
256,Sophia,Figueroa,SFIGUEROA,(893)944-0482x763,2018-07-27,PU_CLERK,24834,0.5,145,57
257,Tanya,Perry,TPERRY,827.943.6936x22719,2021-11-16,FI_MGR,5695,0.06,133,67
258,Kristin,Johnson,KJOHNSON,224.953.9052,2020-10-19,PU_CLERK,10123,0.1,146,72
259,Richard,Johnson,RJOHNSON,598-452-3352x7584,2021-10-06,PU_CLERK,18128,0.45,147,60
260,Tiffany,Houston,THOUSTON,(966)186-2510,2015-07-09,PU_CLERK,7194,0.28,123,30
261,Gloria,Collins,GCOLLINS,177-465-1063,2019-10-19,FI_ACCOUNT,23017,0.32,133,75
262,Brett,May,BMAY,(110)668-5390,2015-11-17,AD_VP,3559,0.46,128,78
263,William,Conley,WCONLEY,695-395-8298,2021-06-02,PU_MAN,22950,0.27,132,77
264,Melinda,Russell,MRUSSELL,001-805-992-9629x591,2020-05-22,PU_MAN,8802,0.07,110,61
265,Jeremy,Schneider,JSCHNEIDER,(761)896-6660x93565,2018-03-20,FI_ACCOUNT,20012,0.07,108,64
266,Michelle,Figueroa,MFIGUEROA,(460)675-8485x509,2014-09-08,PU_MAN,7864,0.48,105,48
267,Kristin,Bass,KBASS,1443918526,2022-11-17,AD_PRES,13890,0.07,128,37
268,Kristen,Turner,KTURNER,(064)780-5658,2021-09-06,AD_PRES,20048,0.33,128,54
269,Kevin,Thomas,KTHOMAS,774.186.0879x9067,2015-11-19,PU_CLERK,2557,0.09,136,59
270,Richard,Mckee,RMCKEE,+1-185-361-7157x7093,2014-11-08,AD_VP,23350,0.31,144,44
271,Regina,Rodriguez,RRODRIGUEZ,001-006-118-5220x9781,2018-05-15,FI_MGR,22443,0.09,141,51
272,Francisco,York,FYORK,001-080-959-1305x1199,2018-10-26,PU_CLERK,7083,0.46,110,74
273,Steve,Hill,SHILL,046.183.7575x3059,2018-01-17,FI_MGR,24369,0.38,131,37
274,Crystal,Yu,CYU,422.709.1792x857,2016-11-17,PU_CLERK,19288,0.34,117,45
275,Krystal,Lee,KLEE,(190)618-9194x2170,2020-10-16,AD_VP,24228,0.32,125,51
276,Ryan,Cabrera,RCABRERA,001-585-450-3005x2298,2015-05-23,IT_PROG,4898,0.08,136,77
277,Kathryn,Rose,KROSE,290-585-6758x21034,2019-12-17,FI_MGR,20293,0.49,130,75
278,Christopher,Davis,CDAVIS,(011)304-4504,2021-03-15,PU_CLERK,15716,0.26,103,42
279,Charles,Carlson,CCARLSON,574.498.4860x23164,2015-08-26,IT_PROG,10596,0.03,134,58
280,Rachel,Wilson,RWILSON,823-403-6791,2018-11-26,AD_PRES,17947,0.32,108,79
281,Steven,Russell,SRUSSELL,+1-735-211-4920x90851,2014-09-17,PU_MAN,15468,0.21,109,72
282,Jason,Wagner,JWAGNER,+1-201-604-6275,2021-04-17,PU_CLERK,20632,0.4,140,74
283,April,Alexander,AALEXANDER,105-834-5894x68548,2017-08-25,PU_CLERK,20821,0.34,114,53
284,Justin,Odom,JODOM,816.417.7471,2017-06-01,FI_MGR,3656,0.26,127,48
285,Tonya,Stanley,TSTANLEY,668.177.1292x645,2017-05-08,IT_PROG,13431,0.35,132,63
286,Brittney,Leon,BLEON,235-117-7102,2016-10-25,FI_MGR,4618,0.29,120,68
287,Jason,Brown,JBROWN,0010740037,2016-11-03,AD_PRES,22935,0.29,103,38
288,Sharon,Williams,SWILLIAMS,+1-660-400-8400x9860,2018-01-26,PU_MAN,16812,0.17,131,69
289,Jennifer,Wilson,JWILSON,001-720-171-9640,2019-08-28,AD_PRES,19105,0.16,103,47
290,Joan,Smith,JSMITH,885.244.6424,2021-09-07,PU_MAN,8376,0.34,134,67
291,Laurie,Goodwin,LGOODWIN,+1-314-849-3415x0469,2020-04-08,IT_PROG,2660,0.25,136,33
292,Carlos,Pope,CPOPE,420-621-3423x13670,2023-03-14,IT_PROG,7397,0.45,101,51
293,Daniel,Stephens,DSTEPHENS,737.291.4377,2015-11-01,FI_MGR,9030,0.24,132,77
294,Rebecca,Wilson,RWILSON,(270)182-3959x5500,2020-10-17,IT_PROG,18257,0.0,129,41
295,Nathaniel,Holder,NHOLDER,(658)880-9445x79831,2022-09-27,AD_VP,6380,0.39,126,69
296,Jennifer,White,JWHITE,7951788730,2017-12-02,PU_CLERK,4694,0.49,141,51
297,David,Garner,DGARNER,+1-502-766-1967,2024-01-15,IT_PROG,15595,0.44,128,40
298,Suzanne,Wilson,SWILSON,+1-249-549-0555x195,2022-10-01,AD_PRES,3394,0.46,113,77
299,Grace,Hickman,GHICKMAN,2271757182,2024-06-10,PU_MAN,15762,0.24,108,33
300,Jessica,Perkins,JPERKINS,(836)091-3911x515,2017-08-07,AD_VP,11294,0.22,140,74
301,Lindsey,Schneider,LSCHNEIDER,2037665361,2020-11-27,PU_CLERK,16680,0.36,123,54
302,Thomas,Reed,TREED,043.468.0255x30344,2019-02-04,FI_ACCOUNT,19040,0.33,147,63
303,Darrell,Diaz,DDIAZ,331.148.4653,2020-06-18,FI_MGR,21024,0.49,109,50
304,Willie,Elliott,WELLIOTT,+1-499-241-1267x7712,2018-09-16,PU_CLERK,17659,0.34,119,46
305,Abigail,Baker,ABAKER,+1-395-624-0334,2021-06-04,PU_CLERK,3315,0.49,131,37
306,Harold,Mathis,HMATHIS,+1-275-413-9428x350,2020-12-02,AD_PRES,6196,0.14,119,70
307,Jane,Davis,JDAVIS,(979)755-1251x34594,2016-11-09,PU_MAN,17295,0.13,125,31
308,Robert,Thompson,RTHOMPSON,(139)472-6946,2024-02-18,FI_MGR,11361,0.48,131,54
309,Jeff,Stephens,JSTEPHENS,822.552.6265x52614,2024-04-08,FI_MGR,23776,0.12,106,50
310,Timothy,Gonzales,TGONZALES,166.616.0038x0178,2022-07-08,FI_ACCOUNT,23994,0.03,135,53
311,Kevin,Cook,KCOOK,7571358419,2023-09-25,AD_PRES,9284,0.29,106,49
312,Glenda,Santana,GSANTANA,(763)195-2139,2020-09-03,IT_PROG,11889,0.3,116,52
313,Melissa,Stokes,MSTOKES,499-472-8729x289,2016-05-03,AD_VP,20372,0.48,107,37
314,Yesenia,Perry,YPERRY,(376)429-8348,2020-07-01,AD_VP,24058,0.1,114,40
315,David,Estes,DESTES,358.204.3635x5586,2015-06-18,AD_PRES,23256,0.05,127,66
316,Nancy,Murray,NMURRAY,2234049072,2017-07-03,PU_MAN,17695,0.46,105,56
317,Lauren,Estrada,LESTRADA,(054)901-8041x42262,2018-04-21,IT_PROG,2998,0.05,118,57
318,Courtney,Richmond,CRICHMOND,(510)094-6022,2015-01-03,AD_VP,5852,0.31,132,78
319,Aaron,Silva,ASILVA,114-207-6221,2018-05-31,IT_PROG,22772,0.19,106,44
320,Ryan,Melton,RMELTON,530.504.2757x591,2023-04-04,PU_MAN,2616,0.17,128,77
321,Curtis,Macdonald,CMACDONALD,(568)469-3938,2022-05-12,AD_VP,15665,0.4,113,52
322,Jeremy,Johnson,JJOHNSON,001-422-153-2329,2024-03-10,PU_MAN,16829,0.35,141,68
323,Charles,Moore,CMOORE,723-384-9435x075,2022-08-15,FI_ACCOUNT,5301,0.02,145,52
324,Rita,Wilson,RWILSON,(792)704-0404x605,2016-09-20,AD_VP,24452,0.17,127,79
325,Michael,Little,MLITTLE,001-667-146-4062,2018-10-25,AD_PRES,12569,0.09,110,48
326,Cameron,Jones,CJONES,747-993-7587x873,2019-07-22,FI_ACCOUNT,17782,0.07,108,53
327,Janet,Parrish,JPARRISH,(393)772-5370,2021-08-31,FI_MGR,11662,0.02,139,66
328,Angela,Drake,ADRAKE,895.256.5516x770,2018-03-26,AD_PRES,15083,0.24,109,43
329,Laura,Campbell,LCAMPBELL,511.433.0876,2014-08-20,PU_MAN,19246,0.48,114,77
330,Stacey,Medina,SMEDINA,670.229.4305x42814,2021-05-07,AD_VP,16666,0.23,122,59
331,Evan,Carlson,ECARLSON,420.447.1352x5226,2021-01-05,PU_CLERK,4736,0.47,148,73
332,Sabrina,Braun,SBRAUN,0926829415,2024-02-15,AD_PRES,9444,0.26,141,41
333,Jeanette,Nguyen,JNGUYEN,110-529-8374,2019-08-27,FI_ACCOUNT,2770,0.22,141,74
334,Stephen,Murphy,SMURPHY,001-395-089-6973x668,2017-10-13,IT_PROG,3665,0.36,113,41
335,Nancy,Chung,NCHUNG,363-417-4199,2019-08-23,IT_PROG,11712,0.44,127,75
336,Ryan,Brooks,RBROOKS,010.900.8029,2015-03-19,FI_MGR,9001,0.45,141,66
337,Elizabeth,Rodriguez,ERODRIGUEZ,711-565-0981x10571,2019-09-10,PU_MAN,10891,0.14,147,49
338,Megan,Le,MLE,+1-761-627-6471x900,2023-03-09,AD_VP,10958,0.13,112,75
339,Amy,Gonzalez,AGONZALEZ,001-575-286-4118x564,2023-12-14,AD_VP,4527,0.22,118,68
340,Jacqueline,Gordon,JGORDON,+1-644-920-3337x89306,2021-11-15,PU_MAN,14936,0.06,118,78
341,Lisa,Fitzgerald,LFITZGERALD,219-965-5120x7633,2024-05-29,PU_MAN,20149,0.15,116,78
342,Elizabeth,Boyle,EBOYLE,001-129-861-4795x861,2023-02-08,PU_CLERK,9748,0.05,119,35
343,Mary,Wallace,MWALLACE,001-020-627-0000,2020-03-09,IT_PROG,9984,0.38,132,72
344,Rachel,Richmond,RRICHMOND,001-771-751-1921x23877,2015-02-14,PU_MAN,5711,0.33,134,46
345,Kyle,Howe,KHOWE,8829520553,2021-10-27,AD_VP,4198,0.46,110,55
346,Robert,Lucero,RLUCERO,(873)377-9798x064,2021-05-16,PU_CLERK,10163,0.04,134,57
347,Jacob,Santana,JSANTANA,(881)776-4233x990,2015-07-20,FI_MGR,2624,0.33,146,44
348,John,Burke,JBURKE,001-194-937-3835x0096,2015-06-05,AD_VP,3824,0.3,106,62
349,Robert,Long,RLONG,703.891.6184,2018-02-02,AD_PRES,11649,0.38,137,50
350,Brandon,Edwards,BEDWARDS,(076)709-4414x99233,2020-12-17,FI_MGR,17642,0.25,134,62
351,Michael,Lopez,MLOPEZ,001-846-163-6588x89506,2019-04-05,AD_PRES,17710,0.09,128,58
352,Phillip,Adams,PADAMS,2589771477,2016-07-24,PU_CLERK,17029,0.41,139,72
353,Shelby,Ramirez,SRAMIREZ,900.775.9573x019,2020-07-28,AD_VP,5359,0.17,146,58
354,Debra,Atkinson,DATKINSON,+1-646-651-4970x4677,2014-10-15,FI_MGR,7348,0.43,129,47
355,Joseph,Ochoa,JOCHOA,442-571-6440,2024-03-12,AD_VP,11192,0.43,125,48
356,Nathaniel,Brooks,NBROOKS,001-555-412-5368x6369,2018-10-26,AD_PRES,14799,0.15,125,34
357,Kenneth,Nelson,KNELSON,(647)236-0288x390,2017-02-20,AD_PRES,5941,0.03,127,78
358,Sheila,Tucker,STUCKER,001-769-858-7604,2017-11-26,PU_CLERK,24678,0.13,106,34
359,Ashley,Joyce,AJOYCE,001-777-280-3779,2020-10-18,PU_MAN,7362,0.41,139,39
360,Brian,Obrien,BOBRIEN,+1-576-685-0980x52144,2020-01-22,PU_MAN,4628,0.49,126,36
361,Christian,Salazar,CSALAZAR,588.922.1254,2015-05-26,AD_VP,6421,0.18,144,50
362,Craig,Huynh,CHUYNH,001-298-650-3328x98461,2021-06-06,PU_MAN,3764,0.18,126,60
363,Richard,Cook,RCOOK,001-791-397-1652x135,2023-04-03,FI_ACCOUNT,6587,0.5,142,79
364,Kevin,Willis,KWILLIS,267-595-6442x58822,2016-04-29,FI_ACCOUNT,10438,0.22,139,75
365,Linda,Odom,LODOM,+1-481-660-8366x6213,2022-04-01,IT_PROG,19622,0.08,142,36
366,Heather,Stewart,HSTEWART,603.530.5543x304,2021-05-02,FI_ACCOUNT,18593,0.16,130,35
367,David,Henderson,DHENDERSON,(314)940-3198x86026,2017-02-22,AD_VP,24810,0.05,123,66
368,Angela,Hendrix,AHENDRIX,(370)072-6915,2022-10-26,FI_ACCOUNT,22612,0.11,146,78
369,Troy,Phillips,TPHILLIPS,948-461-6521x38059,2018-11-19,IT_PROG,17371,0.44,124,79
370,Ralph,Young,RYOUNG,001-093-267-8091x41416,2019-03-25,IT_PROG,24204,0.22,105,66
371,Gregory,Brown,GBROWN,645.546.9428x291,2019-04-09,PU_MAN,24812,0.3,104,53
372,Angela,Miller,AMILLER,895.001.8574x0734,2021-03-28,AD_VP,22022,0.26,131,42
373,Jennifer,Valdez,JVALDEZ,(536)127-4089x052,2016-02-26,PU_MAN,7463,0.2,141,76
374,Lisa,Ferguson,LFERGUSON,001-485-972-7721x3059,2021-07-13,FI_MGR,15774,0.13,107,38
375,Corey,Frye,CFRYE,+1-704-692-0452x251,2020-07-13,FI_MGR,19909,0.19,115,75
376,Steven,Mcguire,SMCGUIRE,373-551-9223x765,2020-08-13,FI_MGR,9722,0.14,117,39
377,Angela,Martin,AMARTIN,8270388658,2018-05-28,PU_CLERK,7429,0.29,111,39
378,Katherine,Cox,KCOX,001-418-089-2722,2019-09-23,FI_MGR,13479,0.02,134,77
379,Nancy,Conrad,NCONRAD,7435642988,2020-12-25,FI_ACCOUNT,14100,0.45,119,39
380,James,Baker,JBAKER,(924)763-6966x2692,2022-02-14,AD_VP,16098,0.23,148,54
381,David,Khan,DKHAN,0989355323,2020-08-26,FI_ACCOUNT,19001,0.04,125,76
382,April,Williams,AWILLIAMS,352.811.6571,2018-10-07,PU_CLERK,24700,0.15,121,40
383,Justin,Moore,JMOORE,7644736823,2023-10-03,AD_VP,21206,0.15,143,69
384,Emily,Hensley,EHENSLEY,381.593.1851x39454,2015-01-25,AD_PRES,11509,0.14,104,61
385,Shawn,Jones,SJONES,987-451-7214x669,2016-12-12,AD_VP,23868,0.41,125,73
386,Kathleen,Rose,KROSE,865.013.3783,2016-01-01,FI_ACCOUNT,23860,0.36,132,78
387,Kelly,Bradford,KBRADFORD,200.802.4172x3956,2018-06-16,AD_VP,8762,0.14,149,36
388,Barbara,Prince,BPRINCE,986.109.2178,2018-05-09,AD_PRES,4880,0.47,141,77
389,Amanda,Arellano,AARELLANO,135.664.4345x2448,2019-07-11,PU_MAN,18491,0.26,123,55
390,Nathaniel,Sharp,NSHARP,735-694-3105x282,2017-04-05,AD_PRES,7186,0.3,118,43
391,Chelsea,Prince,CPRINCE,527.635.4571,2016-09-08,AD_PRES,17711,0.33,127,33
392,Carol,Huber,CHUBER,001-326-962-5120x60648,2020-11-22,FI_MGR,15547,0.36,143,35
393,Curtis,Valentine,CVALENTINE,549.268.7841x1003,2018-01-11,FI_MGR,23850,0.46,136,62
394,Carl,Roy,CROY,126.555.8196,2020-03-11,AD_VP,3008,0.04,127,62
395,Tammy,Rodgers,TRODGERS,(436)313-6096,2017-03-25,FI_MGR,19988,0.19,115,65
396,Patricia,Sanchez,PSANCHEZ,+1-754-592-3251,2020-04-17,AD_PRES,13346,0.28,104,35
397,Jeffrey,Jones,JJONES,560.546.4852x738,2018-09-17,PU_MAN,17573,0.25,147,45
398,Elizabeth,Perez,EPEREZ,007-458-3753x75023,2015-06-08,FI_ACCOUNT,9752,0.42,103,69
399,Amanda,Johnson,AJOHNSON,001-949-641-2287x295,2021-09-23,PU_MAN,23811,0.31,127,50
400,Hannah,Parks,HPARKS,+1-085-108-5080x320,2023-06-05,PU_CLERK,9113,0.08,131,39
401,Jodi,Harrison,JHARRISON,4980667531,2015-05-02,FI_ACCOUNT,11300,0.26,136,45
402,Steve,Webb,SWEBB,001-648-767-8610x841,2022-05-19,AD_PRES,12858,0.45,109,53
403,Angela,Serrano,ASERRANO,001-984-534-3326x44440,2015-11-20,IT_PROG,15307,0.31,101,30
404,Julie,Perry,JPERRY,+1-819-997-9434x51232,2019-08-19,IT_PROG,13425,0.19,108,47
405,Eric,Morris,EMORRIS,779.743.9798x23425,2023-06-23,PU_CLERK,12989,0.38,109,67
406,Deborah,Jones,DJONES,(037)525-0177,2019-05-12,PU_CLERK,20681,0.36,128,63
407,Julie,Mcdonald,JMCDONALD,(477)416-6463,2024-06-02,FI_MGR,5326,0.27,132,41
408,Jamie,Alvarez,JALVAREZ,492-279-0761,2017-09-05,PU_MAN,7636,0.13,140,48
409,Melissa,Alexander,MALEXANDER,2578898835,2017-10-19,IT_PROG,7579,0.39,115,68
410,Jeffrey,Stafford,JSTAFFORD,001-376-880-3360x331,2016-01-31,FI_ACCOUNT,3971,0.15,119,57
411,Darryl,Dominguez,DDOMINGUEZ,(447)968-6816,2024-05-12,IT_PROG,19200,0.43,118,56
412,James,Brown,JBROWN,(430)703-7880x6273,2017-12-01,AD_VP,8030,0.45,148,71
413,Patrick,Ryan,PRYAN,(430)674-8076x14114,2020-01-06,AD_VP,14605,0.24,113,37
414,Kelly,Kennedy,KKENNEDY,+1-894-425-9441,2017-02-18,PU_CLERK,12192,0.23,126,39
415,Ian,Richardson,IRICHARDSON,471-564-2888x376,2022-04-23,AD_VP,19175,0.46,130,67
416,Anna,Williams,AWILLIAMS,(413)707-6658,2021-04-06,AD_VP,21096,0.21,136,47
417,Laura,Krueger,LKRUEGER,001-037-449-8786,2018-01-11,FI_ACCOUNT,22561,0.46,131,39
418,Jonathan,Arnold,JARNOLD,355.877.6607,2022-10-10,AD_PRES,21231,0.48,105,32
419,Laura,Perez,LPEREZ,778.294.1879,2021-08-31,FI_ACCOUNT,6957,0.13,130,75
420,Clifford,Tate,CTATE,+1-173-338-6760x24085,2024-04-09,PU_CLERK,19322,0.49,132,35
421,Kristin,Smith,KSMITH,+1-895-598-6228x3596,2021-07-17,FI_ACCOUNT,9750,0.06,114,70
422,Jeffrey,Ritter,JRITTER,(587)958-8132x27283,2014-10-12,FI_ACCOUNT,16427,0.22,132,43
423,Kevin,Richards,KRICHARDS,329-772-5210x2554,2020-02-24,AD_VP,16126,0.33,139,69
424,Robert,Franklin,RFRANKLIN,9731489898,2016-06-19,IT_PROG,4399,0.5,118,30
425,Vicki,Garrett,VGARRETT,847.362.6760x764,2020-11-01,IT_PROG,16581,0.22,114,49
426,Michael,Hurley,MHURLEY,001-487-087-3339x56354,2016-07-28,PU_MAN,15299,0.48,122,55
427,Ashley,Kelly,AKELLY,472.618.6086x321,2016-08-12,IT_PROG,5868,0.49,135,32
428,Jasmine,Rios,JRIOS,001-484-166-0517x11283,2024-08-01,AD_PRES,7220,0.15,139,45
429,Jennifer,Munoz,JMUNOZ,(666)993-5353,2020-06-02,AD_VP,6435,0.46,104,46
430,John,Khan,JKHAN,6372270181,2022-06-29,AD_PRES,6870,0.04,133,43
431,Shannon,Taylor,STAYLOR,619-664-9614,2015-12-04,PU_CLERK,17362,0.09,133,79
432,Laurie,Potts,LPOTTS,(506)694-4999,2020-02-09,AD_PRES,4611,0.04,123,31
433,William,Baker,WBAKER,8219811659,2021-05-14,AD_PRES,22740,0.39,105,79
434,Bradley,Wise,BWISE,(749)397-0027,2019-11-11,PU_MAN,8923,0.3,127,51
435,Johnny,Pearson,JPEARSON,603.529.9407x791,2015-07-23,FI_MGR,20691,0.23,110,49
436,Howard,Moore,HMOORE,+1-474-261-1580x8958,2023-04-06,FI_ACCOUNT,11823,0.41,144,61
437,Shane,Weaver,SWEAVER,(688)348-7786,2016-10-22,AD_VP,3167,0.22,130,53
438,Lisa,Riley,LRILEY,(061)895-9464,2023-05-08,AD_PRES,11333,0.46,137,72
439,Rachel,Hill,RHILL,388-652-3436,2020-01-29,PU_MAN,14892,0.13,132,64
440,James,Fischer,JFISCHER,(902)096-6461x0785,2018-03-22,AD_PRES,14805,0.04,113,36
441,Jason,Marsh,JMARSH,(236)458-7425x80926,2021-01-22,FI_ACCOUNT,21908,0.21,117,56
442,Ronnie,Vazquez,RVAZQUEZ,350.184.9261x00321,2024-02-15,PU_CLERK,18442,0.12,148,63
443,Mark,Ramirez,MRAMIREZ,(527)347-5066x364,2023-11-03,PU_CLERK,23950,0.08,136,33
444,Melinda,Moore,MMOORE,856.730.0577x75271,2019-11-15,PU_CLERK,15476,0.2,108,67
445,Sandra,Benitez,SBENITEZ,+1-449-730-7178x2017,2019-01-24,PU_MAN,10055,0.07,146,40
446,Vanessa,Reid,VREID,104.957.1928x706,2018-12-18,AD_PRES,16052,0.42,123,58
447,Kristine,Shea,KSHEA,+1-653-661-0588x70922,2016-09-20,AD_PRES,24958,0.22,137,58
448,Aaron,Maxwell,AMAXWELL,471-228-0647x0077,2017-12-09,FI_ACCOUNT,7408,0.28,119,65
449,Justin,Fox,JFOX,001-361-289-6806x564,2016-03-13,IT_PROG,9948,0.48,115,37
450,Kyle,Carter,KCARTER,001-339-679-5764,2018-02-18,FI_ACCOUNT,19633,0.34,110,71
451,Larry,Thompson,LTHOMPSON,(773)779-2111x0275,2019-07-04,AD_VP,18146,0.19,141,57
452,John,Adams,JADAMS,506-612-5911x91919,2018-06-26,PU_CLERK,24040,0.26,109,64
453,Anthony,Baker,ABAKER,(715)263-4241x348,2016-09-23,PU_MAN,10875,0.43,121,37
454,Luke,Woods,LWOODS,960-081-0996x4135,2022-10-06,AD_VP,22481,0.35,144,75
455,William,Mcdowell,WMCDOWELL,+1-899-794-7912,2019-08-12,AD_VP,11485,0.21,122,33
456,Donna,Ramsey,DRAMSEY,578-064-2239,2022-06-02,AD_PRES,15376,0.15,120,32
457,Larry,Watts,LWATTS,001-414-912-1604x574,2024-05-25,FI_ACCOUNT,7976,0.09,132,45
458,Dennis,Evans,DEVANS,+1-104-757-2777,2019-10-14,FI_ACCOUNT,10266,0.42,116,51
459,George,Harris,GHARRIS,+1-471-071-4058x605,2020-09-16,AD_PRES,11200,0.23,131,35
460,Eric,Perry,EPERRY,492-281-5893,2024-04-12,PU_MAN,20033,0.17,132,54
461,Jason,Parker,JPARKER,+1-912-987-1463x5330,2016-06-08,IT_PROG,12743,0.2,103,77
462,Alexis,Wilkinson,AWILKINSON,001-810-792-5583,2020-07-21,PU_MAN,6225,0.05,122,67
463,Lindsey,Bishop,LBISHOP,4488798313,2017-04-23,AD_PRES,15834,0.26,127,59
464,Jennifer,Fischer,JFISCHER,+1-213-003-5716x12289,2020-04-20,FI_ACCOUNT,10137,0.42,132,54
465,Victor,Cox,VCOX,001-636-592-8262,2024-01-09,AD_VP,6822,0.48,121,70
466,Jonathan,Shea,JSHEA,+1-546-288-8328x05645,2018-04-23,FI_ACCOUNT,18609,0.46,102,71
467,Carol,Carpenter,CCARPENTER,038.521.7695x245,2020-08-23,PU_MAN,9681,0.41,142,49
468,George,Snyder,GSNYDER,399-100-0603,2015-02-03,FI_MGR,20270,0.36,128,60
469,William,Murillo,WMURILLO,+1-980-506-1397x42224,2015-04-27,PU_CLERK,21491,0.02,104,59
470,Richard,Terrell,RTERRELL,861.066.0376x68399,2021-12-08,FI_MGR,14432,0.34,126,47
471,James,Anderson,JANDERSON,(362)840-8835x99843,2019-10-15,IT_PROG,22266,0.34,135,42
472,Stephanie,Ortiz,SORTIZ,195.037.6104x5240,2018-03-13,PU_MAN,7327,0.23,136,30
473,Edward,Green,EGREEN,(406)176-6614,2016-08-05,IT_PROG,8404,0.08,148,37
474,Donald,Hall,DHALL,300-336-9133x453,2018-06-22,IT_PROG,14940,0.09,106,58
475,Matthew,Robinson,MROBINSON,(795)050-6346x7467,2016-09-19,FI_MGR,10652,0.25,133,64
476,Dave,Williams,DWILLIAMS,536-769-1051,2019-08-08,PU_CLERK,19429,0.29,117,49
477,Lisa,Woodward,LWOODWARD,(994)299-0713x9837,2020-02-17,PU_CLERK,6519,0.31,130,32
478,Monica,Freeman,MFREEMAN,7370353579,2020-08-04,AD_VP,11156,0.2,126,45
479,William,Cooper,WCOOPER,6094233846,2016-10-11,FI_MGR,17681,0.41,149,55
480,Hannah,Carpenter,HCARPENTER,(651)822-0067x535,2024-06-25,AD_PRES,17366,0.03,125,58
481,Robert,Bates,RBATES,+1-649-909-0696x683,2020-07-15,IT_PROG,24409,0.27,139,46
482,Melissa,Jenkins,MJENKINS,3922678845,2015-03-18,FI_MGR,5094,0.3,128,55
483,William,Stewart,WSTEWART,411-419-5883x57597,2021-12-19,PU_MAN,11185,0.03,130,65
484,Samantha,Luna,SLUNA,006.593.6964x1770,2023-06-02,FI_MGR,5098,0.05,140,64
485,Lisa,Jones,LJONES,342-832-8515x92375,2024-04-14,FI_MGR,7816,0.03,137,56
486,Cheryl,Valenzuela,CVALENZUELA,9600925286,2017-07-03,PU_CLERK,18284,0.43,113,55
487,Teresa,Lopez,TLOPEZ,344.570.6731x96825,2023-12-22,AD_VP,14466,0.39,124,54
488,Shannon,Roberts,SROBERTS,(206)938-6964,2022-02-14,AD_VP,12328,0.14,147,38
489,Joel,Zimmerman,JZIMMERMAN,001-323-720-4894,2022-11-28,AD_VP,22934,0.04,137,55
490,Mary,Baker,MBAKER,001-463-763-9693x16002,2018-03-29,AD_VP,8626,0.13,136,76
491,Matthew,Garcia,MGARCIA,001-633-952-8661x14776,2017-05-06,PU_MAN,11518,0.18,143,33
492,Ralph,Weber,RWEBER,(066)574-6051x77492,2016-04-08,PU_CLERK,4097,0.3,102,61
493,Deborah,Carter,DCARTER,119-928-9667x2940,2024-02-22,FI_MGR,12405,0.0,112,45
494,Jeffrey,Smith,JSMITH,001-618-944-7704x800,2021-06-25,FI_MGR,13811,0.3,124,42
495,Gail,Edwards,GEDWARDS,121-182-6673x95265,2022-11-24,FI_ACCOUNT,13265,0.13,120,51
496,Michael,Jimenez,MJIMENEZ,8086867613,2019-10-02,FI_ACCOUNT,20774,0.07,124,78
497,Keith,Gordon,KGORDON,804.786.0293x1857,2021-09-04,FI_ACCOUNT,11989,0.39,142,67
498,Dakota,Nichols,DNICHOLS,413.829.4979,2019-07-25,PU_MAN,13203,0.09,112,56
499,Gabriel,Padilla,GPADILLA,+1-457-204-9915x396,2022-03-07,PU_CLERK,3347,0.22,140,36
500,Brian,Johnson,BJOHNSON,001-149-632-4054x6971,2017-12-26,PU_CLERK,18267,0.42,148,46
501,Nicole,Carter,NCARTER,+1-237-944-9856x30808,2023-11-25,PU_MAN,21564,0.14,140,33
502,David,Lee,DLEE,025-556-8211,2018-05-01,PU_MAN,21601,0.22,129,76
503,Whitney,Marshall,WMARSHALL,001-223-477-3449,2022-01-17,AD_PRES,15337,0.44,124,53
504,Kristin,Morris,KMORRIS,529.373.1970x827,2018-01-06,PU_MAN,16594,0.23,146,52
505,Kayla,Kemp,KKEMP,472-819-0856,2019-11-08,FI_MGR,18725,0.11,132,33
506,Bobby,Jacobson,BJACOBSON,836-419-6844x96676,2019-10-17,FI_MGR,6932,0.05,113,43
507,Rick,Wright,RWRIGHT,001-703-092-8920x6973,2017-04-30,AD_PRES,20131,0.39,138,33
508,Jacob,Harmon,JHARMON,728.946.9927x5600,2024-03-30,IT_PROG,5021,0.05,144,72
509,Kevin,Williams,KWILLIAMS,001-915-120-6792x4573,2019-01-05,IT_PROG,21130,0.26,149,61
510,William,Stevens,WSTEVENS,3218148566,2015-11-16,PU_MAN,20332,0.44,126,37
511,Elizabeth,Moore,EMOORE,981.726.2972x771,2021-08-15,PU_MAN,22577,0.35,135,58
512,Vincent,Pierce,VPIERCE,133-646-2572x30717,2017-07-28,FI_MGR,15578,0.47,108,61
513,John,Heath,JHEATH,(153)263-7322x74189,2019-12-13,PU_CLERK,18104,0.04,116,32
514,Heather,Lewis,HLEWIS,153-441-7315x21170,2018-08-31,FI_ACCOUNT,14177,0.33,127,41
515,Sean,Perez,SPEREZ,754-416-9265x818,2016-01-24,AD_PRES,14234,0.07,111,58
516,Manuel,Cook,MCOOK,025.470.9572,2015-10-25,IT_PROG,4737,0.38,106,35
517,Jean,Gonzalez,JGONZALEZ,001-028-855-5770x3067,2019-12-14,PU_MAN,12237,0.39,125,45
518,Donald,Acosta,DACOSTA,+1-624-375-3252,2020-09-01,FI_ACCOUNT,9281,0.27,122,40
519,Katherine,Mitchell,KMITCHELL,(315)860-0524x038,2014-08-31,IT_PROG,20853,0.22,107,62
520,Michael,Palmer,MPALMER,001-433-495-9541x7552,2020-10-16,IT_PROG,21714,0.45,119,34
521,Bobby,Contreras,BCONTRERAS,504-431-9655x2038,2015-06-11,FI_MGR,19498,0.36,135,32
522,Richard,Frederick,RFREDERICK,970-030-1886x09918,2021-07-05,FI_ACCOUNT,22987,0.14,108,79
523,Kenneth,White,KWHITE,+1-836-353-2926x7684,2020-09-24,PU_CLERK,12150,0.09,120,71
524,Dana,Mitchell,DMITCHELL,(896)403-4119x21292,2016-08-03,PU_MAN,9649,0.41,106,72
525,Steven,Davis,SDAVIS,7522749443,2018-07-11,AD_PRES,10694,0.01,137,74
526,Matthew,Baker,MBAKER,719.565.0737x4338,2020-08-03,AD_PRES,3336,0.23,124,38
527,Rachel,Shaw,RSHAW,+1-931-881-3971,2019-04-22,FI_ACCOUNT,11785,0.29,135,71
528,David,Porter,DPORTER,(086)010-3420,2017-01-03,AD_PRES,17333,0.09,138,39
529,Cynthia,Kelly,CKELLY,5206666718,2023-01-07,PU_CLERK,12925,0.43,110,61
530,Tanya,Morris,TMORRIS,933-125-5171x14785,2021-09-08,PU_CLERK,14029,0.42,107,37
531,Jason,Wright,JWRIGHT,(917)657-1268x4900,2018-06-15,AD_PRES,9030,0.13,116,74
532,Sabrina,Benjamin,SBENJAMIN,352-962-8845,2019-10-23,IT_PROG,20139,0.11,140,48
533,Michael,Gray,MGRAY,127-174-8879x36996,2017-07-04,PU_CLERK,10466,0.22,123,49
534,Martha,Simpson,MSIMPSON,(122)005-4863,2024-07-22,AD_VP,11853,0.1,147,69
535,Christopher,Fields,CFIELDS,001-105-946-8754x778,2022-07-25,PU_MAN,6555,0.02,141,35
536,Robert,Church,RCHURCH,206.849.0989,2016-11-24,IT_PROG,9223,0.42,126,44
537,Henry,Dunlap,HDUNLAP,385-991-4678x07650,2022-03-30,PU_MAN,12964,0.18,145,67
538,Ruth,Smith,RSMITH,+1-120-613-3178x072,2023-06-22,FI_ACCOUNT,14792,0.38,103,60
539,Gabrielle,Medina,GMEDINA,+1-673-647-8383x4839,2020-03-05,AD_PRES,22093,0.05,100,34
540,Marie,Arias,MARIAS,586-710-1499x46103,2018-01-24,AD_PRES,6913,0.32,134,31
541,Shannon,Gibbs,SGIBBS,921-016-5621,2020-06-05,PU_MAN,12559,0.05,117,71
542,Eric,Steele,ESTEELE,001-466-459-7216x2714,2021-07-06,PU_CLERK,13728,0.31,144,31
543,Thomas,Gutierrez,TGUTIERREZ,001-234-933-9788x3363,2022-10-06,PU_CLERK,18506,0.16,130,36
544,David,Hancock,DHANCOCK,540-313-0511,2016-10-19,AD_PRES,15297,0.28,104,77
545,Michele,Andrade,MANDRADE,001-852-028-8187x5516,2023-05-24,IT_PROG,15693,0.01,106,56
546,Mary,Lewis,MLEWIS,(540)519-8030x8849,2021-07-06,FI_MGR,7808,0.02,145,60
547,Richard,Thompson,RTHOMPSON,(344)492-2443x0297,2019-06-22,FI_MGR,10714,0.49,147,74
548,Russell,Taylor,RTAYLOR,+1-064-953-6058x614,2024-06-01,AD_PRES,11481,0.5,145,38
549,Nancy,Carter,NCARTER,001-454-550-4512,2015-04-16,AD_VP,6639,0.47,141,55
550,Michael,Deleon,MDELEON,(811)880-8655,2018-08-24,AD_VP,6386,0.18,137,59
551,Tammy,Warren,TWARREN,(042)246-3860x2605,2021-10-05,PU_CLERK,6188,0.07,116,50
552,Christina,Hall,CHALL,(527)692-5560x67646,2018-10-21,PU_CLERK,14124,0.39,137,36
553,Susan,Russell,SRUSSELL,001-443-373-2714,2015-09-20,PU_CLERK,8731,0.17,109,43
554,Richard,Wright,RWRIGHT,+1-977-167-6844x74845,2021-05-03,PU_MAN,22071,0.01,142,65
555,Bobby,Rivas,BRIVAS,146-579-5029,2017-04-12,PU_CLERK,22558,0.26,113,71
556,William,Brown,WBROWN,+1-188-509-4407x9072,2017-04-02,PU_MAN,19981,0.33,134,72
557,Marie,Ross,MROSS,0155669682,2015-06-01,AD_VP,8094,0.21,134,33
558,Thomas,Sanders,TSANDERS,+1-894-669-0391,2019-09-27,PU_CLERK,17926,0.39,122,44
559,James,Mclaughlin,JMCLAUGHLIN,327.612.9736,2018-05-19,FI_MGR,21310,0.34,113,63
560,Collin,Campos,CCAMPOS,303.995.3877x76824,2021-05-15,FI_ACCOUNT,6949,0.21,142,49
561,Willie,Sandoval,WSANDOVAL,773.614.0712,2024-03-15,IT_PROG,12669,0.26,117,41
562,Robert,Watson,RWATSON,(227)665-7326,2022-12-17,IT_PROG,13837,0.29,143,44
563,Jose,Parker,JPARKER,524.832.0345x489,2023-06-22,FI_ACCOUNT,17956,0.32,113,67
564,Daniel,Walker,DWALKER,3390187437,2020-11-18,AD_VP,17587,0.3,134,60
565,Teresa,Miller,TMILLER,931-742-1800x9793,2015-11-26,AD_PRES,17113,0.33,130,58
566,Haley,Harmon,HHARMON,796.435.6470x8845,2021-09-15,PU_MAN,15499,0.16,139,54
567,Julie,Savage,JSAVAGE,711.281.1449,2019-10-27,AD_VP,22266,0.07,142,30
568,Richard,Thompson,RTHOMPSON,001-140-259-9350x827,2015-12-26,IT_PROG,19842,0.36,106,53
569,Michael,Lopez,MLOPEZ,001-852-289-7323x28877,2016-05-01,IT_PROG,7010,0.12,142,50
570,Diana,Gonzalez,DGONZALEZ,906.534.9577,2023-09-01,FI_ACCOUNT,16765,0.19,102,33
571,Thomas,Robinson,TROBINSON,(233)579-5431,2018-07-29,FI_MGR,17796,0.47,135,41
572,Jeffrey,Blevins,JBLEVINS,001-177-027-1390x18611,2022-05-05,FI_ACCOUNT,7154,0.32,135,42
573,Thomas,Mccoy,TMCCOY,(226)918-5589,2021-11-11,AD_PRES,18449,0.06,132,78
574,Colton,Garner,CGARNER,467-209-3154,2024-01-23,AD_VP,14380,0.29,109,38
575,Andrea,Cherry,ACHERRY,219-805-6475,2016-03-12,PU_CLERK,11676,0.19,120,70
576,Katherine,Garcia,KGARCIA,001-230-665-7017x146,2016-07-04,FI_MGR,22047,0.35,132,47
577,James,Ingram,JINGRAM,260-794-1242x837,2018-03-08,FI_ACCOUNT,14997,0.03,113,34
578,Susan,Hernandez,SHERNANDEZ,+1-261-971-1691x8746,2023-11-06,IT_PROG,19799,0.36,144,77
579,Brian,James,BJAMES,399-182-1179,2015-12-14,AD_VP,10469,0.1,137,50
580,Jennifer,Cunningham,JCUNNINGHAM,455.257.8244,2017-12-22,AD_VP,9108,0.25,111,41
581,Dawn,Ibarra,DIBARRA,952-940-2041,2015-04-08,PU_MAN,13367,0.33,109,68
582,Marcus,Carpenter,MCARPENTER,(320)066-8740,2020-11-29,FI_ACCOUNT,16685,0.36,135,72
583,Michael,Baker,MBAKER,+1-026-569-5429,2015-12-21,AD_VP,11907,0.11,134,75
584,Jeremy,Stanley,JSTANLEY,+1-640-057-2485x536,2018-08-13,FI_MGR,5654,0.0,147,32
585,Brian,Davis,BDAVIS,(748)889-3355x03227,2021-02-23,FI_MGR,18946,0.03,138,43
586,Dawn,Jones,DJONES,+1-498-600-8997,2016-11-18,FI_MGR,23840,0.4,103,55
587,Patricia,Jones,PJONES,(450)108-5827,2017-12-18,AD_PRES,16888,0.46,106,76
588,John,Morgan,JMORGAN,398-244-3317,2019-10-08,PU_MAN,6256,0.16,146,48
589,Wanda,Hopkins,WHOPKINS,(299)119-0370,2024-05-04,IT_PROG,19690,0.16,142,53
590,Cynthia,Stewart,CSTEWART,752.567.9595,2021-10-29,IT_PROG,3366,0.36,139,37
591,Bernard,Fletcher,BFLETCHER,142.315.0808x49844,2016-05-28,PU_CLERK,4153,0.1,120,38
592,John,Brewer,JBREWER,419-927-2922,2018-03-03,AD_PRES,13241,0.37,140,55
593,Sherry,Smith,SSMITH,941-108-6585x7549,2018-05-02,IT_PROG,7318,0.19,107,58
594,Jennifer,Foster,JFOSTER,001-811-865-0353x144,2016-03-09,FI_MGR,18904,0.18,101,51
595,Catherine,Sparks,CSPARKS,172-586-9719x98896,2018-12-19,IT_PROG,10113,0.11,125,73
596,Andrea,Wallace,AWALLACE,+1-638-442-6796x330,2022-07-07,AD_VP,23748,0.14,146,76
597,Deborah,Bradford,DBRADFORD,(071)639-1181x543,2016-03-24,AD_PRES,6580,0.06,100,49
598,Nathan,Hoover,NHOOVER,(373)421-4099x26619,2019-02-19,FI_MGR,23063,0.35,138,62
599,Aaron,Williams,AWILLIAMS,873.145.5903x12470,2018-07-22,AD_VP,20497,0.37,114,50
600,Sharon,Johnson,SJOHNSON,001-001-463-6399x5394,2024-04-14,AD_VP,7124,0.29,137,67
601,David,Cooper,DCOOPER,+1-473-905-1857x2255,2022-12-13,PU_CLERK,16605,0.47,139,64
602,Breanna,Herman,BHERMAN,746.754.9597x54133,2014-12-07,AD_PRES,9225,0.46,117,43
603,James,Davis,JDAVIS,001-041-701-1898x46943,2024-04-28,AD_PRES,8386,0.04,116,54
604,Alyssa,Lopez,ALOPEZ,136-035-6982,2023-08-24,AD_VP,12946,0.31,127,44
605,Wendy,Henson,WHENSON,466.118.3819x16999,2015-06-20,AD_VP,17492,0.47,112,76
606,Cheryl,Warner,CWARNER,+1-477-578-8516,2024-01-13,PU_CLERK,22614,0.11,142,74
607,Monica,Garcia,MGARCIA,+1-592-361-0946x5605,2023-11-18,AD_PRES,19276,0.06,118,77
608,Elizabeth,Day,EDAY,258-912-3059x41275,2018-04-08,PU_MAN,23338,0.31,107,69
609,Gina,Hicks,GHICKS,784-781-1214,2020-04-29,FI_MGR,5423,0.49,107,65
610,Abigail,Chung,ACHUNG,474-952-7392x247,2023-03-04,PU_CLERK,7171,0.13,141,34
611,Kayla,Roth,KROTH,(301)196-1220,2021-10-24,AD_PRES,10972,0.39,148,50
612,Austin,Conrad,ACONRAD,8672077586,2017-04-07,FI_MGR,14175,0.32,106,30
613,James,Lopez,JLOPEZ,001-309-195-5739,2019-04-17,IT_PROG,17995,0.07,132,54
614,Marc,Montgomery,MMONTGOMERY,019-950-2025x20596,2015-11-28,AD_PRES,9347,0.31,136,78
615,Sierra,Estrada,SESTRADA,001-642-790-8574x6183,2015-05-24,AD_VP,3035,0.4,148,71
616,Kathryn,Hoffman,KHOFFMAN,+1-248-293-2946x711,2015-02-09,AD_PRES,6687,0.16,136,56
617,Lisa,Butler,LBUTLER,237.258.3006x1988,2023-04-25,FI_ACCOUNT,16304,0.22,103,34
618,Patrick,Hurley,PHURLEY,(153)745-2840,2015-01-26,FI_MGR,9265,0.04,141,58
619,Paula,Jordan,PJORDAN,+1-985-209-5262x56513,2017-03-12,FI_MGR,10130,0.27,131,79
620,Michael,Edwards,MEDWARDS,1115886922,2023-07-05,FI_MGR,21274,0.1,135,45
621,Max,Thomas,MTHOMAS,(161)552-6962x595,2023-03-13,PU_CLERK,12969,0.21,122,60
622,Paul,Rogers,PROGERS,927-561-6482x7470,2024-07-28,PU_CLERK,3661,0.33,131,34
623,Michael,Thompson,MTHOMPSON,+1-181-321-6956x958,2018-02-02,AD_PRES,7396,0.16,100,56
624,Alfred,Willis,AWILLIS,288-350-4949,2024-06-28,FI_ACCOUNT,3812,0.17,126,30
625,Danielle,Yates,DYATES,332.955.6613x6869,2017-05-12,PU_MAN,24681,0.32,145,69
626,Stephanie,Ortiz,SORTIZ,+1-161-052-6057x2899,2014-12-29,FI_MGR,23281,0.28,129,67
627,Troy,Garcia,TGARCIA,001-819-855-9123x4908,2022-08-23,PU_CLERK,22504,0.08,130,61
628,Lisa,Montoya,LMONTOYA,335.471.6557,2018-11-04,FI_ACCOUNT,15143,0.01,127,35
629,Sylvia,Irwin,SIRWIN,499-386-5422x238,2022-12-14,AD_VP,20892,0.16,145,78
630,Kayla,Cummings,KCUMMINGS,+1-170-514-8968x3083,2017-12-04,FI_MGR,3049,0.37,120,61
631,Melissa,Rodgers,MRODGERS,+1-691-319-7229x32479,2022-05-08,PU_MAN,19312,0.37,111,43
632,Chris,Huang,CHUANG,902.226.4326,2019-02-20,IT_PROG,11168,0.15,146,79
633,Alex,Cannon,ACANNON,+1-616-875-8881x6444,2017-07-09,PU_MAN,24766,0.32,146,39
634,Michael,Garcia,MGARCIA,(606)491-7824x11765,2019-07-04,IT_PROG,9433,0.14,149,36
635,Jeff,Pena,JPENA,915.501.8034x2081,2016-10-28,PU_MAN,15043,0.14,103,69
636,Bonnie,Jackson,BJACKSON,001-118-704-6594x507,2018-04-04,PU_MAN,16382,0.0,142,69
637,Jasmine,Soto,JSOTO,001-928-610-2583x2067,2024-07-07,FI_ACCOUNT,8082,0.36,105,34
638,Sandra,Long,SLONG,0484504970,2022-01-05,PU_MAN,16963,0.46,140,57
639,Julia,Thompson,JTHOMPSON,322.196.8232x55101,2019-02-17,AD_VP,7215,0.47,122,79
640,Damon,Richardson,DRICHARDSON,904-217-3796,2015-11-21,FI_ACCOUNT,23795,0.03,120,56
641,Christina,Lozano,CLOZANO,801.812.5784x804,2022-12-16,FI_ACCOUNT,24772,0.3,113,41
642,Deborah,Andrews,DANDREWS,614.823.4650x9455,2021-07-29,AD_PRES,3441,0.48,124,46
643,Audrey,Bowen,ABOWEN,(617)277-5792x7207,2014-12-23,FI_ACCOUNT,17967,0.18,118,37
644,Kara,Howell,KHOWELL,(374)778-2086x106,2015-04-06,AD_VP,15601,0.19,144,31
645,Jerry,Martin,JMARTIN,(093)144-7335,2024-06-02,AD_PRES,23245,0.18,132,51
646,Chad,Cantu,CCANTU,+1-709-484-4675x183,2015-12-21,FI_MGR,15401,0.14,125,58
647,Michael,Hansen,MHANSEN,+1-705-631-9803x85301,2016-07-10,AD_VP,4239,0.09,120,76
648,Maria,Wilson,MWILSON,240-453-3987x7463,2021-02-12,PU_MAN,21930,0.03,126,53
649,Jessica,Hubbard,JHUBBARD,7378329521,2015-08-27,AD_VP,8004,0.07,123,39
650,Ian,Mann,IMANN,3022521595,2019-03-16,IT_PROG,17961,0.09,121,69
651,Joseph,Martinez,JMARTINEZ,+1-822-640-8292x062,2022-02-03,IT_PROG,21564,0.44,137,66
652,Michael,Hunt,MHUNT,001-232-912-9362x147,2019-01-16,FI_ACCOUNT,9472,0.12,141,39
653,Kristen,Lewis,KLEWIS,330.051.2636x8634,2019-05-28,IT_PROG,18717,0.01,112,62
654,Shannon,Duncan,SDUNCAN,+1-059-618-5725x30757,2020-04-17,AD_VP,17797,0.29,146,33
655,Lynn,Lara,LLARA,078.744.1786x840,2016-04-27,PU_CLERK,6328,0.07,119,36
656,Rebecca,Wright,RWRIGHT,586.604.6614x327,2021-11-20,AD_PRES,17070,0.33,114,35
657,Claire,Lowery,CLOWERY,(856)031-8101x763,2017-08-17,IT_PROG,24918,0.14,104,65
658,Karen,Armstrong,KARMSTRONG,(975)271-2277,2024-03-24,FI_ACCOUNT,5642,0.23,121,70
659,Mary,Bell,MBELL,001-799-367-9478x724,2020-02-03,FI_MGR,18832,0.1,113,60
660,Thomas,Nunez,TNUNEZ,+1-048-667-5464x5020,2018-01-03,FI_ACCOUNT,24186,0.31,137,69
661,Tyrone,David,TDAVID,474-022-6091x93242,2024-06-01,IT_PROG,17209,0.49,133,36
662,Jennifer,Beltran,JBELTRAN,926.355.1965x31771,2020-02-23,PU_MAN,3865,0.44,122,31
663,Robert,Maldonado,RMALDONADO,701-680-9370,2018-08-18,PU_MAN,24574,0.11,148,33
664,Jordan,Castro,JCASTRO,001-080-277-4287x5185,2023-06-06,AD_PRES,19499,0.41,128,60
665,Richard,Anderson,RANDERSON,+1-039-877-2996x080,2014-12-07,IT_PROG,11378,0.21,149,60
666,Cristina,Blake,CBLAKE,001-286-603-1826x56000,2021-12-06,PU_CLERK,4409,0.33,145,44
667,Martin,Stone,MSTONE,615.269.0633x352,2015-12-31,FI_ACCOUNT,4734,0.15,126,64
668,Cody,Nichols,CNICHOLS,001-452-157-9236x61172,2022-03-27,FI_MGR,17033,0.45,108,57
669,Tammy,Rhodes,TRHODES,7891439231,2020-09-09,IT_PROG,19380,0.26,134,73
670,Veronica,Robinson,VROBINSON,527-257-1791x049,2021-03-04,IT_PROG,5283,0.31,144,63
671,Ryan,Jones,RJONES,(903)026-7512,2018-05-21,AD_VP,5236,0.11,120,54
672,Christopher,Sanford,CSANFORD,824.616.3161,2015-09-06,FI_ACCOUNT,20947,0.47,134,66
673,Ronald,Williamson,RWILLIAMSON,507-240-1055,2024-06-21,IT_PROG,19277,0.02,119,62
674,Michele,Hood,MHOOD,695.461.0326x41632,2016-07-09,AD_PRES,5137,0.18,120,66
675,Daniel,Nguyen,DNGUYEN,692-216-7164,2021-02-21,PU_CLERK,16705,0.36,118,60
676,James,Burke,JBURKE,974-104-2979x52796,2020-06-22,PU_CLERK,15405,0.14,103,51
677,Mallory,Perez,MPEREZ,826-462-8918,2021-06-26,IT_PROG,6056,0.47,120,67
678,Joseph,Chandler,JCHANDLER,(094)696-7152x506,2017-01-30,PU_CLERK,6850,0.3,109,35
679,Tiffany,Parker,TPARKER,001-916-045-1277x876,2015-05-03,FI_MGR,19857,0.42,133,33
680,Peter,Clark,PCLARK,055.293.7536,2021-11-21,FI_MGR,14265,0.12,126,41
681,William,Johnson,WJOHNSON,+1-056-380-9182x79720,2015-10-20,PU_CLERK,9516,0.13,143,70
682,Ryan,White,RWHITE,(646)069-9160x58445,2021-07-01,AD_VP,15976,0.26,134,30
683,Anna,West,AWEST,001-279-124-3267x570,2021-05-31,FI_MGR,21706,0.47,128,34
684,Christopher,Peters,CPETERS,+1-058-858-1074x56267,2021-05-22,AD_VP,6253,0.42,115,56
685,David,Whitaker,DWHITAKER,001-881-109-4514x364,2022-11-13,IT_PROG,7875,0.46,130,51
686,Jeremy,King,JKING,584-008-1375x902,2016-09-07,IT_PROG,10944,0.25,143,61
687,Daniel,Vargas,DVARGAS,6964743528,2024-01-11,PU_MAN,11248,0.05,149,53
688,Richard,Giles,RGILES,973-328-1366,2023-10-27,IT_PROG,8992,0.2,144,65
689,Tracie,Williams,TWILLIAMS,470.353.3098,2018-02-01,PU_MAN,3955,0.36,141,57
690,Bradley,Trujillo,BTRUJILLO,135-145-7188x77043,2017-10-16,IT_PROG,16573,0.37,108,79
691,Stephen,Lane,SLANE,001-821-345-9799x52029,2014-12-08,AD_VP,9680,0.24,110,71
692,Heather,Grant,HGRANT,001-950-997-9969x604,2023-04-22,AD_VP,19894,0.34,130,69
693,Amy,Ortiz,AORTIZ,533.458.4137,2023-08-18,FI_MGR,4135,0.27,122,60
694,Ashley,Hahn,AHAHN,134.693.9849x9623,2018-04-08,PU_MAN,13048,0.09,145,76
695,Maxwell,Griffin,MGRIFFIN,(525)261-3267x24991,2021-12-29,FI_ACCOUNT,21372,0.49,146,77
696,Susan,Hoover,SHOOVER,9051719454,2014-11-12,FI_ACCOUNT,17821,0.28,121,59
697,Emily,Rosales,EROSALES,001-929-747-6787,2021-06-27,IT_PROG,6130,0.28,113,47
698,Clayton,Mejia,CMEJIA,371-508-0562,2016-04-10,AD_VP,15553,0.18,144,45
699,Joseph,Hester,JHESTER,(444)879-7302x51611,2019-10-03,PU_MAN,9987,0.35,104,38
700,Mary,Benson,MBENSON,8793084870,2023-04-07,IT_PROG,10226,0.33,104,44
701,Andre,Robertson,AROBERTSON,726-984-6255,2023-07-02,FI_ACCOUNT,17266,0.43,144,35
702,Amy,Baxter,ABAXTER,+1-220-040-6249x765,2020-08-29,PU_CLERK,15638,0.27,107,55
703,Heather,Tate,HTATE,2965468195,2023-09-07,IT_PROG,19307,0.15,123,41
704,Michael,Smith,MSMITH,799-437-4659,2016-02-07,FI_MGR,19487,0.36,129,53
705,Mark,Ruiz,MRUIZ,297.350.6836x867,2023-07-29,PU_MAN,10965,0.01,109,74
706,Geoffrey,Hayes,GHAYES,749-961-5856x20679,2022-06-14,PU_CLERK,14300,0.01,119,69
707,Cynthia,Kelley,CKELLEY,204-507-6812,2024-05-14,PU_MAN,13969,0.3,122,70
708,Stacy,Richardson,SRICHARDSON,6553410043,2017-09-15,FI_MGR,17438,0.46,117,72
709,Jacqueline,Hampton,JHAMPTON,769.027.5840,2015-09-22,IT_PROG,5000,0.04,108,78
710,Taylor,Castillo,TCASTILLO,997-601-7271x05713,2024-03-05,IT_PROG,3479,0.36,117,43
711,Roger,Bautista,RBAUTISTA,368.480.0101x07428,2019-10-08,IT_PROG,3315,0.38,137,50
712,Sean,Wilson,SWILSON,701-456-3741,2019-04-19,AD_VP,18322,0.43,115,42
713,David,Crane,DCRANE,(914)049-5831x2718,2023-11-01,PU_CLERK,11692,0.37,103,52
714,Megan,Garcia,MGARCIA,013.664.2072x1754,2024-05-29,AD_PRES,22544,0.18,104,57
715,William,Thomas,WTHOMAS,001-748-958-8676x4944,2024-03-06,FI_MGR,17274,0.47,113,46
716,Kenneth,Castillo,KCASTILLO,001-744-520-9904x531,2017-07-16,AD_VP,5777,0.38,101,68
717,Matthew,Rich,MRICH,(394)366-8152,2019-01-24,PU_MAN,2629,0.42,115,51
718,Lisa,Floyd,LFLOYD,921-068-1465x3196,2017-04-09,FI_MGR,23051,0.46,140,50
719,Jeffrey,King,JKING,665-733-3745,2020-05-07,PU_CLERK,2872,0.25,102,50
720,Tina,Scott,TSCOTT,+1-086-745-3349,2016-09-08,PU_CLERK,5628,0.45,136,59
721,Janice,Smith,JSMITH,001-058-015-4522x333,2018-11-22,PU_MAN,6644,0.14,127,77
722,Leonard,Davis,LDAVIS,001-569-099-0933x80990,2018-11-14,FI_MGR,23930,0.15,117,60
723,Melissa,Pennington,MPENNINGTON,(415)312-3029x16484,2017-05-26,PU_MAN,12244,0.22,124,34
724,Megan,Harris,MHARRIS,+1-788-334-8037x0929,2024-03-03,PU_CLERK,23143,0.09,134,43
725,Sandy,Green,SGREEN,899-134-5057x8881,2019-12-04,FI_ACCOUNT,24190,0.38,123,50
726,Stacie,Miller,SMILLER,466-519-4187x1737,2021-02-02,PU_CLERK,20031,0.29,136,37
727,Shelby,Wiggins,SWIGGINS,340.221.7624,2016-04-05,IT_PROG,12315,0.06,116,70
728,Alicia,Anderson,AANDERSON,+1-464-232-7063x9754,2021-11-21,FI_MGR,17903,0.2,129,59
729,Amy,Olson,AOLSON,+1-899-392-4331x1977,2019-11-12,FI_MGR,16185,0.42,139,39
730,Patricia,Hebert,PHEBERT,851-307-2072,2015-10-19,IT_PROG,2947,0.13,110,40
731,Kenneth,Wallace,KWALLACE,351-196-6586x249,2020-09-17,AD_VP,19246,0.06,136,77
732,David,Larson,DLARSON,001-952-956-4589x78551,2017-03-06,IT_PROG,14549,0.26,128,51
733,Courtney,Mills,CMILLS,(768)488-9934,2020-09-30,IT_PROG,23302,0.5,109,65
734,Jennifer,Carter,JCARTER,046.827.2418x6785,2021-09-04,PU_CLERK,22342,0.08,148,46
735,Melissa,Espinoza,MESPINOZA,781-894-6242,2022-09-03,AD_PRES,3235,0.2,130,31
736,Alexander,Yates,AYATES,0901002126,2017-06-13,FI_MGR,14563,0.46,100,73
737,Tara,Garcia,TGARCIA,(340)058-1735x9162,2020-01-22,IT_PROG,24478,0.13,105,69
738,John,Perez,JPEREZ,+1-175-714-5453x500,2017-09-21,FI_MGR,8544,0.24,139,64
739,Harry,Hill,HHILL,(980)027-5527,2021-12-24,FI_MGR,14633,0.34,119,40
740,Matthew,Ross,MROSS,+1-142-837-6701,2017-11-26,AD_PRES,11279,0.49,132,52
741,Peter,Boone,PBOONE,394.319.4292,2014-10-01,PU_MAN,8603,0.15,149,79
742,Steven,Johnson,SJOHNSON,+1-563-732-5656x6296,2020-07-03,AD_PRES,16329,0.42,106,32
743,Mary,Green,MGREEN,(698)842-0708x404,2015-02-26,IT_PROG,20919,0.0,119,72
744,Emma,Bush,EBUSH,001-072-468-6607,2018-05-14,PU_CLERK,12838,0.38,126,58
745,Jaclyn,Boyer,JBOYER,703-745-7045x4267,2022-07-02,AD_VP,5991,0.32,119,78
746,Daniel,Phillips,DPHILLIPS,+1-000-353-8201x45923,2014-09-14,FI_ACCOUNT,21960,0.19,118,47
747,Natasha,Ramos,NRAMOS,381-271-8697,2021-10-12,AD_VP,22594,0.27,102,62
748,Samuel,Carter,SCARTER,001-586-957-3739x733,2017-01-05,AD_PRES,22739,0.1,114,60
749,Anthony,Mendez,AMENDEZ,(607)227-5943x582,2023-12-24,AD_VP,3623,0.22,116,53
750,Robert,Clark,RCLARK,(103)620-5568x95705,2022-07-14,FI_ACCOUNT,7651,0.41,133,48
751,Frank,Holland,FHOLLAND,233-112-7999x4754,2019-11-10,PU_CLERK,6112,0.04,137,60
752,Lee,Smith,LSMITH,1623361787,2019-12-06,FI_MGR,20838,0.23,111,48
753,Angela,Bennett,ABENNETT,075.975.7727,2015-03-03,PU_MAN,13244,0.49,113,64
754,William,Snyder,WSNYDER,842-525-6704x597,2020-12-13,AD_PRES,10351,0.3,135,66
755,Matthew,Nichols,MNICHOLS,+1-826-443-4533x016,2017-08-17,FI_ACCOUNT,16881,0.42,139,42
756,Daniel,Gray,DGRAY,486.349.6432x5364,2021-02-23,IT_PROG,6799,0.25,106,76
757,Kevin,Rose,KROSE,+1-665-079-4316x3749,2020-03-11,FI_MGR,14781,0.13,138,69
758,Robert,Lopez,RLOPEZ,001-258-890-7926x25686,2016-10-14,PU_MAN,21729,0.41,127,48
759,Rebecca,Ray,RRAY,(533)856-8494,2023-05-07,AD_PRES,9717,0.26,141,52
760,Michelle,Cameron,MCAMERON,905.748.1969x1529,2017-10-23,PU_CLERK,19292,0.5,146,58
761,Jeremy,Freeman,JFREEMAN,(354)236-8247x553,2022-12-19,IT_PROG,19008,0.13,131,71
762,Brittany,Gay,BGAY,(483)002-7267x0171,2018-08-08,PU_CLERK,5929,0.05,125,71
763,Ashley,Graves,AGRAVES,001-254-235-0260x38843,2020-05-15,IT_PROG,13021,0.37,132,63
764,Kyle,Evans,KEVANS,488-647-0618x9457,2019-10-25,PU_CLERK,3354,0.02,133,77
765,Amanda,Bond,ABOND,+1-236-309-5181x153,2017-12-09,IT_PROG,8668,0.31,130,70
766,Kara,Cole,KCOLE,6237385829,2019-09-05,IT_PROG,17491,0.22,127,58
767,Rhonda,Perkins,RPERKINS,(325)609-3257,2018-10-15,AD_PRES,5924,0.12,145,44
768,Judy,Ware,JWARE,3925227098,2024-03-13,FI_MGR,21445,0.12,108,70
769,Angela,Christensen,ACHRISTENSEN,5790228546,2017-04-25,FI_ACCOUNT,3277,0.38,129,42
770,Larry,Wood,LWOOD,+1-692-621-6570x41222,2017-10-14,FI_MGR,18814,0.24,100,53
771,Jerry,Duffy,JDUFFY,6116650036,2017-10-25,FI_MGR,10350,0.01,124,58
772,Matthew,Bell,MBELL,642-566-1251x7056,2023-05-02,IT_PROG,24894,0.1,123,31
773,Brian,Palmer,BPALMER,001-567-346-9074x1374,2015-10-27,PU_CLERK,8976,0.46,111,53
774,Keith,Conner,KCONNER,001-785-685-8983x09447,2017-11-01,PU_CLERK,13678,0.2,114,68
775,Roy,Stewart,RSTEWART,852.990.2617x2611,2016-12-29,FI_MGR,13445,0.42,129,33
776,David,Wright,DWRIGHT,467.024.1445,2016-06-08,FI_MGR,20841,0.44,128,54
777,Katie,Martin,KMARTIN,326-532-5461x610,2019-08-15,PU_CLERK,13879,0.11,114,71
778,Karen,Sweeney,KSWEENEY,424.612.9637x63324,2020-04-12,PU_CLERK,12951,0.23,149,59
779,Anita,Sims,ASIMS,+1-750-750-9828x044,2017-07-02,PU_MAN,8786,0.39,138,63
780,Philip,Smith,PSMITH,895-039-4669,2017-06-17,AD_PRES,9451,0.19,108,77
781,Keith,Garza,KGARZA,(395)975-0168x7903,2014-09-24,AD_PRES,5711,0.17,118,37
782,Brian,Simon,BSIMON,631-557-2900x3990,2023-04-12,IT_PROG,24817,0.39,110,48
783,Amanda,Vazquez,AVAZQUEZ,112-587-1247,2015-06-15,PU_MAN,14441,0.08,118,32
784,Christine,Barton,CBARTON,(076)672-9513,2017-12-29,PU_CLERK,7414,0.1,140,41
785,Ryan,Graves,RGRAVES,(429)450-3759,2014-12-28,PU_CLERK,14664,0.21,134,76
786,Christina,Ross,CROSS,798-925-0939x734,2024-07-23,AD_PRES,6540,0.47,139,59
787,David,Sanders,DSANDERS,+1-051-678-1605,2020-07-09,FI_ACCOUNT,4597,0.45,148,38
788,Nicholas,Bender,NBENDER,679-143-1181x1562,2017-10-20,IT_PROG,2875,0.22,147,41
789,Benjamin,Dennis,BDENNIS,798-525-6147,2022-11-28,AD_PRES,18849,0.24,113,31
790,Pamela,Thomas,PTHOMAS,001-584-450-3382x46857,2021-11-21,FI_MGR,17538,0.09,124,78
791,Lindsay,Adams,LADAMS,001-138-168-9799x931,2014-09-15,IT_PROG,3415,0.28,112,43
792,Gabriela,Miller,GMILLER,7845106425,2018-07-15,PU_MAN,17268,0.16,100,58
793,Jamie,Johnson,JJOHNSON,+1-365-767-9192x89285,2018-05-21,PU_CLERK,11401,0.39,135,46
794,Ashley,Hernandez,AHERNANDEZ,919-145-2230x50911,2015-11-22,IT_PROG,4026,0.03,103,61
795,Michael,Austin,MAUSTIN,877-177-2685x097,2016-09-24,AD_VP,22030,0.44,111,59
796,Jessica,Harris,JHARRIS,001-419-874-8646x64449,2018-12-31,IT_PROG,20136,0.18,100,78
797,Matthew,Harper,MHARPER,+1-226-992-2751,2019-06-11,FI_MGR,18586,0.2,118,57
798,Alyssa,Bryant,ABRYANT,785.216.8745,2019-12-09,FI_ACCOUNT,7987,0.04,124,71
799,Lori,Gordon,LGORDON,001-331-814-9191x3545,2015-01-02,PU_MAN,12640,0.32,127,70
800,Denise,Little,DLITTLE,935.476.9185x0814,2019-02-06,FI_MGR,18296,0.0,139,71
801,Eric,Ramos,ERAMOS,758.470.7297,2023-01-08,PU_CLERK,15624,0.35,145,47
802,Robert,Powers,RPOWERS,111-241-5843,2023-10-01,PU_CLERK,9647,0.33,112,62
803,Laura,Cochran,LCOCHRAN,+1-900-149-1430x3172,2017-09-05,FI_MGR,2762,0.21,135,77
804,Heather,Williams,HWILLIAMS,+1-449-853-7682x25544,2016-02-21,AD_PRES,14212,0.29,134,51
805,Shawn,Cooper,SCOOPER,+1-950-786-3649x070,2021-03-25,IT_PROG,15864,0.4,101,72
806,Dawn,Macias,DMACIAS,982-015-7987,2022-08-29,FI_ACCOUNT,21080,0.42,111,56
807,Calvin,Lopez,CLOPEZ,(150)051-0758,2019-05-30,PU_CLERK,13492,0.46,113,69
808,Vanessa,Simmons,VSIMMONS,(632)257-9520,2020-03-23,FI_MGR,13170,0.11,131,41
809,April,Simon,ASIMON,0607807658,2022-05-29,PU_CLERK,21578,0.08,112,69
810,Mark,Wallace,MWALLACE,+1-579-987-2175x636,2016-09-19,FI_ACCOUNT,15425,0.25,132,58
811,Mary,Roberts,MROBERTS,+1-061-959-1701,2021-11-17,FI_ACCOUNT,5397,0.01,117,61
812,Stephen,Jackson,SJACKSON,215-226-8712x2700,2017-11-27,PU_MAN,11695,0.22,112,46
813,Alexander,Smith,ASMITH,157-128-4000x8395,2021-05-07,PU_CLERK,8007,0.46,126,40
814,Brandon,Turner,BTURNER,967-363-3052x7568,2021-10-18,PU_CLERK,10601,0.03,118,66
815,Tammy,Sanchez,TSANCHEZ,(493)550-7679,2020-02-22,PU_MAN,5091,0.23,104,75
816,Joseph,Garcia,JGARCIA,(558)912-5808x64644,2017-06-04,PU_CLERK,13124,0.05,114,46
817,Theodore,Myers,TMYERS,516.930.2061x48003,2016-02-17,AD_VP,16785,0.11,113,61
818,Tammy,Henderson,THENDERSON,868.791.8005,2021-05-24,AD_PRES,11725,0.12,127,78
819,Kyle,Fischer,KFISCHER,0649904560,2018-12-25,AD_PRES,22907,0.32,125,62
820,Angela,Coleman,ACOLEMAN,001-880-665-8564,2022-09-16,FI_MGR,23798,0.14,110,46
821,Ashley,Reid,AREID,915.067.8529x1531,2015-06-24,FI_ACCOUNT,19300,0.0,119,66
822,Emily,Figueroa,EFIGUEROA,001-657-481-5578x0798,2024-02-13,FI_MGR,8924,0.36,149,36
823,Heather,Aguirre,HAGUIRRE,(102)975-0881x8790,2018-12-26,AD_PRES,17855,0.39,130,49
824,Elizabeth,Mcdaniel,EMCDANIEL,929-402-1280x27594,2016-03-08,AD_PRES,9698,0.43,135,54
825,Amanda,Smith,ASMITH,001-798-943-9232x863,2015-01-27,PU_CLERK,15513,0.08,125,64
826,John,Horton,JHORTON,3667194054,2014-12-13,AD_VP,17739,0.4,126,66
827,William,Werner,WWERNER,216-312-9069,2018-05-07,AD_PRES,13812,0.26,103,36
828,Shane,Myers,SMYERS,881.060.0551,2017-05-06,AD_VP,4492,0.32,147,52
829,Amy,Adkins,AADKINS,+1-026-554-3401,2018-03-06,PU_MAN,21740,0.35,114,42
830,Melissa,Carter,MCARTER,001-684-269-6002x987,2015-03-14,AD_VP,16724,0.15,142,48
831,Erin,Maldonado,EMALDONADO,120.401.6162x298,2017-09-09,PU_CLERK,12048,0.37,128,32
832,Tony,Tran,TTRAN,+1-010-530-8258x177,2017-03-29,AD_PRES,8430,0.45,108,49
833,James,Wallace,JWALLACE,+1-348-611-0450x601,2023-06-26,PU_CLERK,19169,0.4,137,57
834,David,Brown,DBROWN,993.860.6474,2022-08-08,FI_MGR,10652,0.27,146,72
835,Johnny,Daniels,JDANIELS,135.945.9644,2015-04-20,IT_PROG,22142,0.11,113,72
836,Benjamin,Park,BPARK,451-419-1722x645,2021-03-02,PU_CLERK,8522,0.22,105,39
837,Ronald,Boyd,RBOYD,470.070.6605,2018-06-09,IT_PROG,11340,0.18,113,37
838,Tracy,Giles,TGILES,+1-304-545-9784x39327,2021-05-09,IT_PROG,10323,0.35,149,41
839,April,Ford,AFORD,848.578.4764x3197,2018-01-04,AD_PRES,14385,0.34,130,31
840,Christine,Moreno,CMORENO,428.252.9025,2018-05-20,FI_MGR,7279,0.25,101,33
841,Raymond,Davis,RDAVIS,+1-690-686-0097x02897,2018-09-10,AD_PRES,12787,0.37,135,41
842,Crystal,Castro,CCASTRO,+1-575-464-8303x2284,2015-03-28,PU_MAN,19702,0.42,119,31
843,Tyler,Cowan,TCOWAN,001-017-438-4793x4452,2021-03-19,AD_VP,13506,0.49,127,61
844,Kristen,Mendoza,KMENDOZA,+1-509-480-1500x1767,2015-04-07,PU_CLERK,9905,0.02,144,73
845,Michael,Mcmillan,MMCMILLAN,001-378-346-9844x7304,2022-07-24,FI_MGR,23342,0.38,111,33
846,Victoria,Taylor,VTAYLOR,172-324-9260x21106,2016-08-19,IT_PROG,21035,0.28,115,74
847,Lindsay,Farmer,LFARMER,+1-837-120-0012x915,2015-01-12,AD_PRES,15213,0.45,147,57
848,Andrew,Joyce,AJOYCE,191-140-0735x212,2016-10-15,AD_PRES,20737,0.3,114,46
849,James,Moody,JMOODY,6781647958,2023-02-25,AD_PRES,22496,0.06,117,45
850,Gregory,Cunningham,GCUNNINGHAM,173.579.4487x9114,2017-02-22,FI_ACCOUNT,15789,0.27,137,68
851,Wayne,Woods,WWOODS,(108)437-1599x313,2021-09-07,FI_MGR,18181,0.25,137,51
852,Julia,Moore,JMOORE,(636)714-4696x9707,2019-04-08,AD_VP,10968,0.31,124,37
853,Xavier,Mcdaniel,XMCDANIEL,(910)403-9595x89452,2018-07-04,IT_PROG,6556,0.01,109,77
854,Jeremy,Cruz,JCRUZ,586.681.3486x57349,2022-10-25,AD_PRES,23676,0.29,146,79
855,Paige,Mayo,PMAYO,(855)417-9550x825,2019-10-13,PU_CLERK,10820,0.24,140,68
856,Kristi,Frederick,KFREDERICK,482-188-6931x3082,2021-05-25,AD_VP,18303,0.16,149,53
857,Nathan,Brown,NBROWN,(337)939-5732x78271,2017-10-15,FI_MGR,22743,0.23,124,38
858,Karen,Hughes,KHUGHES,8062622933,2020-11-03,PU_CLERK,4461,0.4,149,58
859,Harry,Nguyen,HNGUYEN,001-090-114-6419x2568,2019-06-26,FI_ACCOUNT,20158,0.29,111,61
860,James,Guerrero,JGUERRERO,(421)266-2372,2019-02-26,IT_PROG,19363,0.37,134,43
861,Eric,Mora,EMORA,992.091.9644,2021-10-03,AD_PRES,6177,0.32,149,59
862,Jeffrey,Herrera,JHERRERA,001-875-350-0908x18124,2024-07-23,PU_CLERK,4101,0.1,127,75
863,Mark,Ruiz,MRUIZ,080-700-0068x5615,2015-09-19,PU_MAN,3469,0.19,108,49
864,Ronald,Stewart,RSTEWART,(099)118-5616x10136,2014-11-27,FI_ACCOUNT,5945,0.13,115,46
865,Patty,Lawson,PLAWSON,(754)574-1154x2203,2017-03-01,FI_MGR,11346,0.06,104,78
866,Amber,Saunders,ASAUNDERS,751.277.0529x7514,2022-01-27,AD_VP,20107,0.39,141,39
867,Regina,Werner,RWERNER,318.477.6164x2937,2014-09-19,FI_MGR,18941,0.34,133,59
868,David,Hughes,DHUGHES,2165895583,2022-02-22,AD_PRES,4627,0.2,106,57
869,Lauren,Johnson,LJOHNSON,001-611-198-6393x82889,2019-07-10,IT_PROG,24140,0.09,127,76
870,Gary,Jones,GJONES,+1-352-944-1633x186,2022-06-02,AD_VP,24023,0.3,121,39
871,Edward,Anthony,EANTHONY,403.654.6235,2022-09-06,IT_PROG,4132,0.09,113,45
872,Aaron,Walls,AWALLS,6224987672,2018-06-25,IT_PROG,16971,0.3,102,31
873,Matthew,Hawkins,MHAWKINS,540-683-0104,2015-08-16,IT_PROG,10398,0.08,140,65
874,Robert,Gordon,RGORDON,915.267.1499,2017-05-30,PU_CLERK,10186,0.19,113,55
875,Nathan,Farmer,NFARMER,139-502-3916x6802,2017-01-01,FI_MGR,16971,0.45,131,53
876,Lisa,Hancock,LHANCOCK,+1-442-030-4034,2019-05-21,AD_PRES,18139,0.46,143,69
877,Chad,Hart,CHART,523.607.8210,2015-07-27,AD_PRES,9796,0.23,148,69
878,Michael,Jackson,MJACKSON,329.586.7367,2016-05-19,PU_CLERK,22794,0.26,109,71
879,Anthony,Anderson,AANDERSON,+1-969-903-1389x4548,2018-03-20,AD_VP,9999,0.36,126,39
880,Alex,Patterson,APATTERSON,(886)247-6625,2019-10-18,FI_ACCOUNT,4577,0.15,107,75
881,Jennifer,Williams,JWILLIAMS,079-091-6548,2019-08-08,PU_MAN,8174,0.29,116,78
882,Edward,Medina,EMEDINA,9183104164,2023-09-05,AD_PRES,7604,0.03,127,41
883,Rebecca,Poole,RPOOLE,267.158.4266x74659,2021-01-26,AD_VP,23882,0.34,120,46
884,Jason,Williams,JWILLIAMS,672-779-9309,2015-08-16,FI_MGR,11967,0.39,103,76
885,Rebekah,Hartman,RHARTMAN,(492)724-6280,2015-03-14,AD_VP,10075,0.46,148,48
886,Kevin,Hoffman,KHOFFMAN,(352)056-6389x71149,2015-03-08,AD_PRES,4156,0.12,114,50
887,Brian,Contreras,BCONTRERAS,885.772.8320x251,2014-12-25,PU_MAN,16627,0.24,131,74
888,Kristin,Larson,KLARSON,152.205.0227x6379,2021-11-02,PU_CLERK,3684,0.44,120,52
889,Jason,Andrews,JANDREWS,+1-314-306-3074x47328,2015-12-14,FI_ACCOUNT,7724,0.4,114,37
890,Russell,Ward,RWARD,542-940-9143x724,2017-10-16,PU_CLERK,11137,0.33,101,35
891,Nicole,Moore,NMOORE,742-855-6563x961,2017-08-21,AD_VP,15467,0.36,141,69
892,Martin,Oliver,MOLIVER,001-511-099-0392x775,2016-01-15,PU_MAN,24637,0.26,127,60
893,Anthony,Taylor,ATAYLOR,045-141-3444x9569,2024-06-24,IT_PROG,24566,0.06,108,36
894,Adrian,Schwartz,ASCHWARTZ,115-303-4728,2017-03-10,AD_VP,9090,0.13,145,40
895,Scott,Horne,SHORNE,001-826-714-6523x30764,2021-07-06,FI_MGR,3196,0.19,112,33
896,Courtney,Hill,CHILL,001-718-119-4217x0818,2017-02-19,IT_PROG,6127,0.46,139,70
897,Lisa,Fitzgerald,LFITZGERALD,001-108-384-1130x433,2022-01-20,PU_MAN,21740,0.32,149,35
898,Anthony,Scott,ASCOTT,+1-476-055-3497x15619,2015-10-28,PU_MAN,17368,0.23,139,55
899,Lisa,Martin,LMARTIN,3684593840,2020-04-24,IT_PROG,16932,0.43,142,50
900,Betty,Bird,BBIRD,190.749.2018x7741,2020-06-26,PU_MAN,20887,0.22,142,47
901,Larry,Webb,LWEBB,681-876-3519,2015-03-08,PU_CLERK,17789,0.36,123,37
902,Jose,Davidson,JDAVIDSON,709.550.9877,2023-04-27,PU_CLERK,18161,0.18,125,61
903,Steve,Barnett,SBARNETT,307.757.0532x24012,2024-02-06,AD_PRES,8250,0.4,146,66
904,Emily,Harris,EHARRIS,+1-579-185-4645x2688,2023-06-21,FI_MGR,23796,0.01,138,40
905,Amy,Martin,AMARTIN,001-434-518-5194x31033,2020-03-13,AD_PRES,10678,0.28,133,45
906,Kimberly,Chung,KCHUNG,931-737-7139,2020-07-17,IT_PROG,15542,0.36,130,63
907,Charles,Rodriguez,CRODRIGUEZ,+1-026-454-2580,2019-10-01,FI_ACCOUNT,6293,0.23,143,53
908,Thomas,Garcia,TGARCIA,0312648852,2016-12-31,FI_ACCOUNT,10861,0.0,123,75
909,Stephen,Valentine,SVALENTINE,545.818.5067,2017-12-09,PU_MAN,5586,0.38,112,66
910,Jared,Wells,JWELLS,955.078.9229x131,2022-11-25,PU_MAN,9395,0.41,104,46
911,Meghan,Hunter,MHUNTER,967.465.4525x0923,2023-09-18,PU_CLERK,5622,0.16,122,33
912,Jeremy,Jones,JJONES,+1-167-597-4879x012,2020-07-08,PU_MAN,16917,0.23,133,71
913,Dana,Wood,DWOOD,(617)731-1527x2333,2016-10-15,AD_PRES,9847,0.41,147,57
914,Allen,Morrow,AMORROW,(667)507-2578,2022-01-21,AD_VP,15427,0.4,105,30
915,Cody,Scott,CSCOTT,558-580-7147x44730,2023-01-28,PU_MAN,8201,0.2,141,54
916,Justin,Maxwell,JMAXWELL,326.133.7891x5104,2021-10-11,FI_ACCOUNT,12401,0.43,107,44
917,James,Bray,JBRAY,+1-430-086-4453,2020-03-07,FI_ACCOUNT,5939,0.07,142,64
918,Johnny,Holt,JHOLT,(230)837-1816,2021-03-28,PU_CLERK,17412,0.14,120,56
919,Zachary,Dickson,ZDICKSON,+1-033-221-9919x790,2017-12-26,FI_ACCOUNT,24048,0.35,108,74
920,Monica,Schmidt,MSCHMIDT,(432)947-3547,2018-04-15,FI_MGR,10157,0.16,103,50
921,Michael,Ramirez,MRAMIREZ,980.675.3903,2021-02-09,AD_VP,13271,0.02,113,46
922,Denise,Martinez,DMARTINEZ,001-782-116-2406,2024-05-07,FI_MGR,14862,0.15,115,47
923,Cheyenne,Lopez,CLOPEZ,+1-326-047-0401,2018-03-18,PU_CLERK,9048,0.12,136,73
924,Christine,Peterson,CPETERSON,289-176-3774x73804,2022-02-17,PU_CLERK,15579,0.47,141,70
925,David,Sanchez,DSANCHEZ,444-220-5765x8927,2018-03-24,PU_CLERK,14535,0.43,127,34
926,Bradley,Esparza,BESPARZA,668.411.8245x596,2020-01-24,AD_PRES,10249,0.03,139,39
927,John,Arroyo,JARROYO,001-493-671-8151x60534,2022-10-05,PU_CLERK,19471,0.45,109,50
928,Mary,West,MWEST,001-885-869-8549,2019-06-09,AD_PRES,14526,0.16,114,68
929,Donald,Edwards,DEDWARDS,(576)593-5616x4588,2016-02-25,IT_PROG,24870,0.35,126,33
930,Kimberly,Smith,KSMITH,754-559-6876x49336,2014-11-10,FI_ACCOUNT,16313,0.41,122,67
931,Crystal,Pearson,CPEARSON,001-774-337-4029x81379,2023-12-08,IT_PROG,20640,0.11,115,57
932,Suzanne,Lee,SLEE,4303481485,2019-01-01,PU_CLERK,10990,0.14,103,35
933,Diane,Griffith,DGRIFFITH,248-672-4538x2074,2023-07-23,AD_VP,24927,0.4,111,58
934,Andrew,Proctor,APROCTOR,+1-527-257-3690x557,2016-07-23,PU_CLERK,20161,0.14,102,75
935,Sarah,Johnston,SJOHNSTON,001-176-559-0824x413,2020-09-02,FI_ACCOUNT,24148,0.15,116,39
936,Robert,Wood,RWOOD,287.714.1959x19403,2024-07-06,FI_ACCOUNT,14590,0.11,132,45
937,Steven,Simpson,SSIMPSON,2635204741,2018-04-23,AD_PRES,16055,0.32,138,55
938,Justin,Johnson,JJOHNSON,+1-351-902-6903x31518,2021-01-28,AD_VP,4548,0.08,142,51
939,Laura,Doyle,LDOYLE,613-577-5527x2121,2019-03-12,FI_ACCOUNT,12614,0.48,122,31
940,Ebony,Meyer,EMEYER,659.540.1218,2016-04-09,PU_MAN,5564,0.21,146,46
941,Bonnie,Stanton,BSTANTON,+1-974-099-3354x263,2021-03-07,AD_PRES,4214,0.44,122,65
942,Kayla,Kennedy,KKENNEDY,905-697-2599x564,2024-06-30,PU_MAN,23860,0.17,113,66
943,Taylor,Davis,TDAVIS,+1-422-280-1157x98840,2015-12-02,AD_VP,12606,0.09,131,47
944,Keith,Curry,KCURRY,+1-177-271-1160x6995,2017-12-13,IT_PROG,14489,0.44,100,35
945,Jonathon,Murphy,JMURPHY,001-624-745-5327x0375,2023-05-27,FI_MGR,23124,0.01,118,33
946,Traci,Ray,TRAY,+1-108-420-1132x5096,2016-02-09,IT_PROG,15656,0.23,100,45
947,Melissa,Clay,MCLAY,+1-613-811-4269x04587,2017-07-18,PU_CLERK,19227,0.0,119,47
948,Pamela,Shah,PSHAH,(599)154-1038x7463,2023-12-10,IT_PROG,16374,0.36,142,55
949,Jodi,Parker,JPARKER,001-501-372-4619x50187,2016-10-05,FI_MGR,3082,0.19,118,47
950,Alec,English,AENGLISH,(165)498-4415,2018-10-02,PU_CLERK,11449,0.31,138,64
951,Gloria,Trujillo,GTRUJILLO,+1-098-041-5329,2022-01-21,FI_MGR,16816,0.29,108,44
952,Eric,Green,EGREEN,001-703-487-3659x96426,2024-02-08,PU_MAN,19935,0.5,108,32
953,Jason,Wheeler,JWHEELER,3107630343,2015-02-27,FI_MGR,10264,0.08,130,32
954,Adrienne,Murphy,AMURPHY,(584)412-5925,2023-08-03,PU_CLERK,13153,0.06,132,37
955,Joseph,Melendez,JMELENDEZ,001-645-929-8021x0698,2024-06-10,FI_ACCOUNT,13367,0.02,104,47
956,Brooke,Sullivan,BSULLIVAN,068-875-1632,2019-05-29,AD_VP,13531,0.07,149,34
957,Glen,Brown,GBROWN,001-252-657-4455,2023-06-06,AD_VP,20616,0.35,134,47
958,Andrea,Pearson,APEARSON,668-276-5600,2021-07-03,FI_ACCOUNT,8521,0.29,114,52
959,Danny,Dougherty,DDOUGHERTY,152-772-3401x65830,2018-02-09,FI_MGR,13762,0.38,106,45
960,Shannon,Wilson,SWILSON,896-472-3487x66569,2022-08-22,IT_PROG,8695,0.19,144,39
961,Steve,Stevens,SSTEVENS,2557865318,2017-10-20,FI_ACCOUNT,17928,0.14,148,51
962,Connie,Williams,CWILLIAMS,001-976-483-3928x5747,2019-10-19,IT_PROG,14942,0.18,122,51
963,Renee,Chavez,RCHAVEZ,705.310.7077x715,2022-08-12,AD_PRES,4375,0.49,147,42
964,Frank,King,FKING,132.505.7340,2023-09-12,FI_MGR,16571,0.48,138,59
965,Christopher,Hull,CHULL,(121)050-2121x145,2024-01-28,AD_PRES,3897,0.2,113,61
966,Samantha,Clayton,SCLAYTON,(984)950-2410,2021-01-29,PU_MAN,19705,0.16,102,50
967,Robert,Ortiz,RORTIZ,4437920841,2018-08-05,AD_VP,6900,0.5,128,43
968,Samuel,Allen,SALLEN,(664)292-3716,2018-07-30,PU_MAN,9758,0.0,137,42
969,George,Cummings,GCUMMINGS,109-622-1203x385,2019-02-28,AD_PRES,18775,0.46,133,59
970,Anita,Buck,ABUCK,001-454-317-7148x86856,2023-10-06,PU_CLERK,24311,0.4,100,33
971,Michael,Williamson,MWILLIAMSON,533-239-6115x62075,2014-12-17,PU_CLERK,24597,0.29,142,75
972,Shannon,Davis,SDAVIS,508-135-8881x5849,2017-05-18,PU_MAN,13909,0.3,106,51
973,Michael,Joseph,MJOSEPH,022.306.6524x942,2015-11-24,AD_VP,18919,0.48,113,43
974,John,Moore,JMOORE,(521)302-2339x975,2021-03-19,AD_PRES,7584,0.33,138,62
975,Allen,Massey,AMASSEY,001-811-843-2206x06960,2022-08-15,PU_CLERK,4054,0.44,139,74
976,Adrienne,Molina,AMOLINA,9423021035,2019-05-30,FI_MGR,10748,0.5,118,60
977,Rhonda,Jones,RJONES,001-319-558-4362x99266,2024-01-15,PU_CLERK,22269,0.22,136,42
978,Michael,Bush,MBUSH,541-485-1166x46331,2019-10-06,PU_CLERK,23992,0.46,149,57
979,Benjamin,Joseph,BJOSEPH,728.679.4308x710,2014-09-19,PU_MAN,15406,0.4,120,38
980,Darren,Petersen,DPETERSEN,(201)545-7827,2017-08-21,FI_MGR,7516,0.48,105,74
981,Dennis,Hunt,DHUNT,+1-522-763-2868,2020-03-24,AD_VP,5646,0.03,141,31
982,Ronald,Carey,RCAREY,001-218-105-3360x86316,2017-11-27,FI_MGR,22936,0.15,114,36
983,Michael,Scott,MSCOTT,557-801-0068,2019-10-12,AD_PRES,5440,0.35,114,61
984,Lauren,Long,LLONG,+1-012-545-7461x403,2020-08-19,FI_ACCOUNT,23342,0.43,125,57
985,Gina,Richardson,GRICHARDSON,+1-871-360-3914x0675,2018-02-27,IT_PROG,3514,0.02,135,62
986,Steven,Frost,SFROST,596.191.7863,2023-07-21,IT_PROG,8615,0.31,111,78
987,Kimberly,Thomas,KTHOMAS,+1-673-098-2741,2019-10-23,PU_MAN,19614,0.09,106,68
988,Keith,Mendoza,KMENDOZA,077.729.3248x0545,2020-07-29,AD_PRES,20767,0.42,128,34
989,William,Myers,WMYERS,686.370.6343,2022-08-28,IT_PROG,5216,0.36,147,38
990,Wesley,Vazquez,WVAZQUEZ,050-631-1806,2020-10-02,FI_ACCOUNT,15124,0.05,101,39
991,Pam,Nguyen,PNGUYEN,787.178.9500,2022-06-15,FI_ACCOUNT,8689,0.35,140,73
992,Henry,Bishop,HBISHOP,661.692.3246x073,2022-12-15,PU_CLERK,13400,0.37,138,44
993,Kathleen,Smith,KSMITH,650-209-2281x925,2016-03-20,PU_MAN,5823,0.36,118,72
994,Judy,Gill,JGILL,+1-947-527-5059x1930,2016-02-12,AD_PRES,21379,0.16,132,60
995,John,Hines,JHINES,443-106-7108,2021-07-04,AD_PRES,18450,0.31,129,59
996,Paul,Wallace,PWALLACE,(748)108-3556x698,2018-05-23,PU_MAN,5501,0.12,136,60
997,William,Willis,WWILLIS,(912)633-0957x7146,2020-02-14,AD_VP,2705,0.36,126,33
998,Donna,Wilson,DWILSON,+1-939-525-6993x835,2016-03-07,AD_PRES,5726,0.28,136,40
999,Sarah,Waters,SWATERS,(519)430-2429,2019-06-28,PU_MAN,2671,0.03,104,58
1000,Julia,Clark,JCLARK,001-174-572-8921x54185,2020-09-04,AD_PRES,21275,0.25,112,77
1001,Courtney,Hughes,CHUGHES,001-901-481-4292x949,2023-07-11,FI_ACCOUNT,19191,0.04,121,55
1002,Kenneth,Waller,KWALLER,(921)935-7353x585,2015-02-03,AD_VP,19941,0.04,142,30
1003,Donna,Martinez,DMARTINEZ,(193)629-5078,2015-09-20,PU_CLERK,15678,0.31,131,77
1004,Jason,Morris,JMORRIS,(621)238-0625x503,2015-11-11,IT_PROG,12094,0.22,112,65
1005,Jeffrey,Patrick,JPATRICK,575-493-0658,2017-09-22,AD_PRES,14211,0.11,139,51
1006,Bernard,Ramirez,BRAMIREZ,+1-549-877-8183x22634,2015-10-10,PU_MAN,13155,0.04,139,30
1007,Raymond,Holland,RHOLLAND,(301)284-3393x8507,2021-10-01,FI_ACCOUNT,9077,0.4,130,54
1008,Adam,Smith,ASMITH,560-443-6431,2024-05-16,PU_MAN,8184,0.11,128,68
1009,Francis,Mcdaniel,FMCDANIEL,4396029143,2016-01-26,FI_MGR,19797,0.29,111,61
1010,Tami,Myers,TMYERS,071.150.7766,2024-04-19,FI_MGR,12401,0.06,102,44
1011,Stephen,Roberts,SROBERTS,001-899-280-1776,2020-09-28,PU_MAN,22303,0.14,138,42
1012,Jessica,Bartlett,JBARTLETT,(216)840-8424,2015-10-23,FI_ACCOUNT,9640,0.45,117,66
1013,Marvin,Sellers,MSELLERS,483-989-8058x94577,2018-01-28,PU_MAN,20948,0.25,135,54
1014,Gloria,Ramos,GRAMOS,(223)584-6890,2020-11-19,FI_MGR,23411,0.16,134,64
1015,Alison,Martin,AMARTIN,+1-697-278-1219,2024-07-22,FI_ACCOUNT,24874,0.2,127,72
1016,Valerie,Gonzales,VGONZALES,503-428-3820,2022-08-03,PU_CLERK,16115,0.38,141,65
1017,Kathleen,Buchanan,KBUCHANAN,3990793545,2024-01-08,PU_CLERK,6518,0.44,127,41
1018,Kenneth,Perry,KPERRY,(653)886-5883,2015-04-30,AD_VP,14411,0.24,111,42
1019,Deanna,Marshall,DMARSHALL,401.163.9115,2014-11-18,PU_MAN,4528,0.1,119,43
1020,Jacob,Pierce,JPIERCE,(568)864-2181x3041,2020-12-30,AD_PRES,14413,0.29,132,77
1021,Jamie,Buchanan,JBUCHANAN,(559)536-6368x20102,2017-07-20,IT_PROG,14331,0.24,116,54
1022,Cristina,Miller,CMILLER,077-076-3419x24748,2014-08-13,FI_ACCOUNT,12475,0.03,122,61
1023,Teresa,Hodge,THODGE,3500308965,2017-01-27,PU_MAN,18552,0.41,122,36
1024,Julie,Gordon,JGORDON,4634848451,2016-08-18,IT_PROG,21923,0.32,145,49
1025,Dwayne,Hampton,DHAMPTON,316-371-6170x4805,2017-05-10,IT_PROG,18256,0.47,137,56
1026,Joshua,Peters,JPETERS,501.754.8701x05483,2021-03-17,FI_ACCOUNT,4578,0.18,141,39
1027,Chris,Johns,CJOHNS,3326089961,2024-02-23,PU_CLERK,20296,0.32,106,32
1028,Kevin,Coleman,KCOLEMAN,(203)216-4063x869,2018-03-10,FI_ACCOUNT,17665,0.07,107,72
1029,Angela,White,AWHITE,001-882-752-9853x06543,2019-01-02,IT_PROG,17315,0.37,118,31
1030,Zachary,Hodges,ZHODGES,+1-762-231-7043x333,2023-09-12,AD_PRES,21276,0.0,111,47
1031,Patrick,Matthews,PMATTHEWS,535.242.0313x588,2016-07-07,AD_VP,24014,0.03,117,56
1032,Bailey,Morgan,BMORGAN,858-172-6737x01851,2021-02-05,PU_CLERK,13983,0.18,147,52
1033,Helen,Williams,HWILLIAMS,+1-741-204-2903x926,2019-07-29,PU_CLERK,11672,0.48,108,59
1034,Daniel,Salas,DSALAS,+1-109-692-6296x059,2021-12-21,PU_MAN,17761,0.2,103,65
1035,Cynthia,Gonzalez,CGONZALEZ,443-598-0813,2023-03-19,FI_ACCOUNT,10536,0.17,108,32
1036,Tonya,Miller,TMILLER,(927)933-9087x2236,2022-12-12,PU_MAN,10989,0.44,140,37
1037,Jill,Fowler,JFOWLER,746.661.1188,2014-08-18,PU_CLERK,11824,0.29,110,75
1038,Christian,Gregory,CGREGORY,765.003.2431,2015-09-04,AD_VP,10694,0.22,144,51
1039,Bradley,Alexander,BALEXANDER,(052)480-2462x4310,2015-05-24,AD_VP,19207,0.29,115,62
1040,Chad,Lyons,CLYONS,497.773.8549x6272,2024-06-15,AD_PRES,10675,0.22,129,37
1041,Savannah,Morris,SMORRIS,560-727-3284x575,2021-03-27,AD_VP,2741,0.05,114,30
1042,James,Bautista,JBAUTISTA,8989181762,2024-02-07,PU_CLERK,8573,0.45,129,70
1043,Heather,Kim,HKIM,(342)961-6170,2016-02-06,AD_VP,14565,0.14,118,44
1044,Bianca,Collins,BCOLLINS,259.193.8433x4186,2022-05-27,AD_VP,19665,0.34,139,60
1045,Anthony,Perry,APERRY,001-964-043-3322x2313,2023-01-21,FI_MGR,3725,0.32,126,76
1046,Christopher,Holmes,CHOLMES,5730141900,2023-05-31,AD_PRES,4594,0.12,111,56
1047,Alicia,Stuart,ASTUART,046-144-4704x4920,2019-04-22,FI_ACCOUNT,11334,0.09,115,42
1048,Isaac,Freeman,IFREEMAN,+1-138-098-3762,2019-05-30,IT_PROG,9906,0.15,130,38
1049,Arthur,Scott,ASCOTT,(884)248-6880x4528,2024-02-12,PU_CLERK,12942,0.47,130,58
1050,Samantha,Case,SCASE,+1-148-449-0318x21824,2014-11-07,AD_PRES,3670,0.49,112,49
1051,Lindsay,Lozano,LLOZANO,001-662-211-7555x52131,2018-10-24,FI_MGR,18738,0.48,131,48
1052,Judy,Hughes,JHUGHES,355-832-5735x907,2020-08-04,IT_PROG,13521,0.27,140,35
1053,David,Mills,DMILLS,(675)041-2410x96650,2016-04-14,AD_VP,15439,0.22,142,39
1054,Joel,Bush,JBUSH,(550)265-5520x3401,2022-11-12,PU_CLERK,19377,0.49,101,54
1055,Eric,Ellis,EELLIS,(898)025-2625x311,2022-10-05,FI_MGR,11433,0.45,125,46
1056,Gregory,Jones,GJONES,001-627-389-1315x80921,2017-12-12,FI_ACCOUNT,21417,0.16,103,64
1057,William,Ortiz,WORTIZ,306.185.0433x643,2019-12-19,PU_CLERK,20273,0.14,103,71
1058,Heather,Campbell,HCAMPBELL,001-169-946-9436,2016-05-25,AD_PRES,8538,0.45,100,32
1059,Donna,Miller,DMILLER,+1-694-432-8971x592,2018-06-20,PU_MAN,5143,0.49,126,31
1060,Brian,Fischer,BFISCHER,001-939-210-9573,2015-06-26,FI_MGR,7519,0.22,128,69
1061,Andrea,Hardin,AHARDIN,001-110-001-4353x65803,2016-11-17,IT_PROG,24637,0.05,108,69
1062,Joshua,Clark,JCLARK,+1-699-504-4761,2024-08-01,PU_MAN,15188,0.49,108,31
1063,Danny,Reilly,DREILLY,586-243-3200x530,2015-07-21,PU_CLERK,21679,0.06,136,37
1064,Michael,Walls,MWALLS,4644725382,2015-11-11,AD_PRES,5442,0.16,145,32
1065,Chelsea,Turner,CTURNER,+1-693-984-5130x98136,2022-11-16,FI_MGR,9049,0.3,137,62
1066,Larry,Wong,LWONG,841-240-7650x580,2021-07-21,AD_VP,18717,0.18,128,58
1067,Laurie,Espinoza,LESPINOZA,517.314.2723x5756,2022-08-12,AD_PRES,6926,0.48,126,60
1068,Susan,Stephens,SSTEPHENS,273.155.2387,2017-08-22,AD_VP,18333,0.4,109,54
1069,John,Johnson,JJOHNSON,4305765854,2018-10-12,PU_MAN,18731,0.35,148,52
1070,Tina,Martinez,TMARTINEZ,691-954-6083,2017-11-08,PU_CLERK,10150,0.35,149,70
1071,Charles,Estrada,CESTRADA,348-670-2703x45337,2016-06-08,AD_PRES,14543,0.28,139,59
1072,Jennifer,Wilson,JWILSON,(248)017-1082x6960,2016-07-31,IT_PROG,14771,0.04,139,53
1073,Christian,Brown,CBROWN,(559)941-2042x124,2016-08-31,PU_MAN,4583,0.23,139,63
1074,Dawn,Sanchez,DSANCHEZ,(365)468-0748x2326,2016-07-14,AD_VP,12480,0.1,126,76
1075,Brandon,Long,BLONG,972.014.7617,2017-09-08,AD_PRES,6868,0.32,148,39
1076,Brian,Decker,BDECKER,753-288-0566x1087,2021-09-18,AD_PRES,19452,0.22,146,72
1077,Michelle,Ruiz,MRUIZ,001-966-069-2038,2017-08-06,PU_CLERK,4538,0.34,146,64
1078,Justin,Hall,JHALL,(182)627-9434x207,2015-05-14,FI_MGR,24056,0.12,107,63
1079,Emily,Glass,EGLASS,(434)853-7295,2015-04-28,FI_ACCOUNT,4092,0.01,147,41
1080,Debbie,Sanchez,DSANCHEZ,(604)160-8103,2014-11-09,FI_ACCOUNT,12262,0.48,113,32
1081,Jessica,Singh,JSINGH,470.675.3039,2017-03-07,PU_CLERK,4397,0.11,112,30
1082,William,Thompson,WTHOMPSON,001-060-903-1158x109,2018-10-03,AD_VP,6143,0.42,112,60
1083,Todd,Brown,TBROWN,+1-322-714-6895x5966,2016-12-02,AD_PRES,23922,0.27,117,52
1084,Heather,Jenkins,HJENKINS,+1-364-674-4359x0723,2017-04-29,FI_MGR,2915,0.19,145,61
1085,Ashlee,Fowler,AFOWLER,(913)151-0424x29096,2020-07-12,IT_PROG,15626,0.46,148,43
1086,Gary,Shelton,GSHELTON,(764)992-1061,2019-01-03,FI_ACCOUNT,12191,0.2,103,43
1087,Annette,Diaz,ADIAZ,001-710-881-3934x028,2016-05-25,AD_VP,4678,0.33,104,47
1088,Devin,Gonzales,DGONZALES,863-848-9067,2015-04-15,FI_ACCOUNT,17070,0.24,138,59
1089,Travis,Garner,TGARNER,458-247-8257,2020-03-17,IT_PROG,4487,0.1,114,77
1090,Steven,Underwood,SUNDERWOOD,097.805.3135x006,2021-01-13,IT_PROG,3073,0.25,132,64
1091,Heather,Adams,HADAMS,979.550.3396,2018-06-25,PU_MAN,17514,0.23,115,66
1092,Jon,Gonzalez,JGONZALEZ,(589)297-3483x79668,2019-05-14,AD_VP,2688,0.25,139,42
1093,Jonathan,Hurley,JHURLEY,001-232-532-6259x209,2024-01-11,IT_PROG,18493,0.46,124,74
1094,Krystal,Scott,KSCOTT,(619)457-5118x916,2017-09-23,AD_VP,7818,0.44,127,69
1095,Amber,Moore,AMOORE,(756)239-4356,2022-06-10,FI_ACCOUNT,18465,0.46,101,30
1096,Brittney,Hunt,BHUNT,5782717513,2020-02-08,FI_MGR,8532,0.15,109,61
1097,Cory,Mcpherson,CMCPHERSON,001-071-633-7788x789,2024-04-08,FI_ACCOUNT,23935,0.33,126,45
1098,David,Parrish,DPARRISH,765-591-5777x65801,2018-07-21,PU_MAN,22706,0.06,120,36
1099,Cory,Ellison,CELLISON,596.298.4393,2023-01-21,PU_MAN,17318,0.45,115,76
